area_fips,own_code,Industry_Code,agglvl_code,year,qtr,annual_avg_estabs,annual_avg_emplvl,total_annual_wages,avg_annual_pay
48113,0,10,70,2020,A,81171,1667356,125000000000.00,75038.00
48113,1,10,71,2020,A,167,26129,2365181145.00,90520.00
48113,1,101,72,2020,A,1,6,559565.00,91983.00
48113,1,102,72,2020,A,166,26123,2364621580.00,90520.00
48113,1,1021,73,2020,A,69,8186,590807483.00,72169.00
48113,1,1023,73,2020,A,3,542,86218333.00,159148.00
48113,1,1024,73,2020,A,3,124,15355207.00,124334.00
48113,1,1025,73,2020,A,1,5013,470094113.00,93770.00
48113,1,54,74,2020,A,3,124,15355207.00,124334.00
48113,1,541,75,2020,A,3,124,15355207.00,124334.00
48113,1,62,74,2020,A,1,5013,470094113.00,93770.00
48113,2,10,71,2020,A,48,24764,2153029016.00,86942.00
48113,2,101,72,2020,A,1,0,-,-
48113,2,102,72,2020,A,47,0,-,-
48113,2,1025,73,2020,A,17,20936,1941985848.00,92760.00
48113,2,62,74,2020,A,5,0,-,-
48113,3,10,71,2020,A,316,125122,7427849300.00,59365.00
48113,3,101,72,2020,A,25,2764,182637391.00,66077.00
48113,3,102,72,2020,A,291,122358,7245211909.00,59213.00
48113,3,1021,73,2020,A,42,10382,730009564.00,70314.00
48113,3,1023,73,2020,A,4,0,-,-
48113,3,1024,73,2020,A,20,435,24894876.00,57263.00
48113,3,1025,73,2020,A,30,82969,4509981910.00,54358.00
48113,3,54,74,2020,A,5,14,1429953.00,101535.00
48113,3,541,75,2020,A,5,14,1429953.00,101535.00
48113,3,62,74,2020,A,9,0,-,-
48113,5,10,71,2020,A,80642,1491341,113000000000.00,75884.00
48113,5,101,72,2020,A,8471,213734,17991618606.00,84178.00
48113,5,102,72,2020,A,72171,1277608,95176664216.00,74496.00
48113,5,1021,73,2020,A,16364,349186,22492602199.00,64414.00
48113,5,1023,73,2020,A,10153,159664,17598751960.00,110223.00
48113,5,1024,73,2020,A,18668,353651,31094156212.00,87923.00
48113,5,1025,73,2020,A,10194,197931,12687287918.00,64100.00
48113,5,54,74,2020,A,13123,162461,18215926714.00,112125.00
48113,5,541,75,2020,A,13123,162461,18215926714.00,112125.00
48113,5,62,74,2020,A,9205,171502,11132290103.00,64911.00
48113,0,10,70,2021,A,84332,1732133,137000000000.00,78980.00
48113,1,10,71,2021,A,164,25801,2402848298.00,93130.00
48113,1,101,72,2021,A,1,7,677945.00,96849.00
48113,1,102,72,2021,A,163,25794,2402170353.00,93129.00
48113,1,1021,73,2021,A,69,8309,597377996.00,71898.00
48113,1,1023,73,2021,A,3,566,89472744.00,158009.00
48113,1,1024,73,2021,A,3,125,15919277.00,127439.00
48113,1,1025,73,2021,A,1,5055,490824492.00,97100.00
48113,1,54,74,2021,A,3,125,15919277.00,127439.00
48113,1,541,75,2021,A,3,125,15919277.00,127439.00
48113,1,62,74,2021,A,1,5055,490824492.00,97100.00
48113,2,10,71,2021,A,47,26212,2360962202.00,90071.00
48113,2,101,72,2021,A,1,0,-,-
48113,2,102,72,2021,A,46,0,-,-
48113,2,1025,73,2021,A,17,22458,2144226571.00,95478.00
48113,2,62,74,2021,A,4,0,-,-
48113,3,10,71,2021,A,319,123053,7725962446.00,62785.00
48113,3,101,72,2021,A,25,2643,185449390.00,70155.00
48113,3,102,72,2021,A,294,120410,7540513056.00,62624.00
48113,3,1021,73,2021,A,42,9542,696281732.00,72968.00
48113,3,1023,73,2021,A,4,0,-,-
48113,3,1024,73,2021,A,22,384,23185592.00,60314.00
48113,3,1025,73,2021,A,30,82412,4790751835.00,58132.00
48113,3,54,74,2021,A,5,15,1583707.00,106170.00
48113,3,541,75,2021,A,5,15,1583707.00,106170.00
48113,3,62,74,2021,A,9,0,-,-
48113,5,10,71,2021,A,83802,1557067,124000000000.00,79838.00
48113,5,101,72,2021,A,8711,213761,18632527261.00,87165.00
48113,5,102,72,2021,A,75092,1343306,106000000000.00,78673.00
48113,5,1021,73,2021,A,16826,366394,25239287722.00,68886.00
48113,5,1023,73,2021,A,10752,164475,19440522736.00,118197.00
48113,5,1024,73,2021,A,19859,381540,35307614824.00,92540.00
48113,5,1025,73,2021,A,10390,202062,13484271099.00,66733.00
48113,5,54,74,2021,A,14011,172777,20461058608.00,118425.00
48113,5,541,75,2021,A,14011,172777,20461058608.00,118425.00
48113,5,62,74,2021,A,9382,174584,11814880770.00,67675.00
48113,0,10,70,2022,A,86049,1804808,151000000000.00,83511.00
48113,1,10,71,2022,A,160,25003,2417375317.00,96683.00
48113,1,101,72,2022,A,1,7,717863.00,101345.00
48113,1,102,72,2022,A,159,24996,2416657454.00,96682.00
48113,1,1021,73,2022,A,69,8299,611123034.00,73641.00
48113,1,1023,73,2022,A,3,538,84475868.00,157140.00
48113,1,1024,73,2022,A,3,125,15502109.00,124182.00
48113,1,1025,73,2022,A,1,4931,521395843.00,105735.00
48113,1,54,74,2022,A,3,125,15502109.00,124182.00
48113,1,541,75,2022,A,3,125,15502109.00,124182.00
48113,1,62,74,2022,A,1,4931,521395843.00,105735.00
48113,2,10,71,2022,A,46,27478,2590192794.00,94266.00
48113,2,101,72,2022,A,1,0,-,-
48113,2,102,72,2022,A,45,0,-,-
48113,2,1025,73,2022,A,16,23854,2369265916.00,99324.00
48113,2,62,74,2022,A,3,0,-,-
48113,3,10,71,2022,A,320,123579,8142759652.00,65891.00
48113,3,101,72,2022,A,25,2664,195741809.00,73486.00
48113,3,102,72,2022,A,295,120915,7947017843.00,65724.00
48113,3,1021,73,2022,A,42,9543,731606646.00,76668.00
48113,3,1023,73,2022,A,3,0,-,-
48113,3,1024,73,2022,A,23,406,25588059.00,63038.00
48113,3,1025,73,2022,A,30,82497,5045446830.00,61159.00
48113,3,54,74,2022,A,5,15,1564106.00,106041.00
48113,3,541,75,2022,A,5,15,1564106.00,106041.00
48113,3,62,74,2022,A,9,0,-,-
48113,5,10,71,2022,A,85523,1628748,138000000000.00,84464.00
48113,5,101,72,2022,A,8855,222828,20341235612.00,91287.00
48113,5,102,72,2022,A,76668,1405921,117000000000.00,83383.00
48113,5,1021,73,2022,A,16936,384671,27546853152.00,71611.00
48113,5,1023,73,2022,A,10982,166211,21158223690.00,127297.00
48113,5,1024,73,2022,A,20717,402984,40665687411.00,100912.00
48113,5,1025,73,2022,A,10644,203432,13775900717.00,67718.00
48113,5,54,74,2022,A,14622,188520,23644981727.00,125424.00
48113,5,541,75,2022,A,14622,188520,23644981727.00,125424.00
48113,5,62,74,2022,A,9598,175364,12056267118.00,68750.00
48113,0,10,70,2023,A,85485,1837548,159000000000.00,86340.00
48113,1,10,71,2023,A,160,24858,2495384640.00,100387.00
48113,1,101,72,2023,A,1,8,829902.00,105945.00
48113,1,102,72,2023,A,159,24850,2494554738.00,100385.00
48113,1,1021,73,2023,A,69,8221,604341883.00,73510.00
48113,1,1023,73,2023,A,3,482,87568801.00,181709.00
48113,1,1024,73,2023,A,3,130,17302675.00,133525.00
48113,1,1025,73,2023,A,1,5096,573018522.00,112436.00
48113,1,54,74,2023,A,3,130,17302675.00,133525.00
48113,1,541,75,2023,A,3,130,17302675.00,133525.00
48113,1,62,74,2023,A,1,5096,573018522.00,112436.00
48113,2,10,71,2023,A,45,29145,2872124486.00,98546.00
48113,2,101,72,2023,A,1,0,-,-
48113,2,102,72,2023,A,44,0,-,-
48113,2,1025,73,2023,A,15,25440,2626891226.00,103257.00
48113,2,62,74,2023,A,2,0,-,-
48113,3,10,71,2023,A,317,127297,8741330361.00,68669.00
48113,3,101,72,2023,A,25,2778,212451625.00,76479.00
48113,3,102,72,2023,A,292,124520,8528878736.00,68494.00
48113,3,1021,73,2023,A,41,10059,798968724.00,79431.00
48113,3,1023,73,2023,A,3,0,-,-
48113,3,1024,73,2023,A,22,436,28866815.00,66183.00
48113,3,1025,73,2023,A,31,84475,5376531395.00,63646.00
48113,3,54,74,2023,A,5,0,-,-
48113,3,541,75,2023,A,5,0,-,-
48113,3,62,74,2023,A,9,0,-,-
48113,5,10,71,2023,A,84963,1656248,145000000000.00,87273.00
48113,5,101,72,2023,A,8890,227607,21242534378.00,93330.00
48113,5,102,72,2023,A,76073,1428641,123000000000.00,86308.00
48113,5,1021,73,2023,A,16725,383862,28782909432.00,74982.00
48113,5,1023,73,2023,A,10817,166715,21734164004.00,130367.00
48113,5,1024,73,2023,A,20684,410778,43352115536.00,105536.00
48113,5,1025,73,2023,A,10778,210098,14620394847.00,69589.00
48113,5,54,74,2023,A,14623,200566,26044372002.00,129855.00
48113,5,541,75,2023,A,14623,200566,26044372002.00,129855.00
48113,5,62,74,2023,A,9726,181312,12849711700.00,70871.00
47037,0,10,70,2020,A,25678,479643,32051222987.00,66823.00
47037,1,10,71,2020,A,98,8291,683009007.00,82376.00
47037,1,102,72,2020,A,98,8291,683009007.00,82376.00
47037,1,1021,73,2020,A,31,2046,153792804.00,75180.00
47037,1,1023,73,2020,A,3,91,9256792.00,102285.00
47037,1,1024,73,2020,A,3,393,33220931.00,84585.00
47037,1,1025,73,2020,A,3,2295,211571126.00,92205.00
47037,1,54,74,2020,A,3,393,33220931.00,84585.00
47037,1,541,75,2020,A,3,393,33220931.00,84585.00
47037,1,62,74,2020,A,3,2295,211571126.00,92205.00
47037,2,10,71,2020,A,70,20140,1266158453.00,62869.00
47037,2,102,72,2020,A,70,20140,1266158453.00,62869.00
47037,2,1024,73,2020,A,1,0,-,-
47037,2,1025,73,2020,A,10,3226,178358640.00,55284.00
47037,2,62,74,2020,A,5,873,47491286.00,54410.00
47037,3,10,71,2020,A,29,24503,1373676183.00,56061.00
47037,3,102,72,2020,A,29,24503,1373676183.00,56061.00
47037,3,1021,73,2020,A,4,1392,139940204.00,100550.00
47037,3,1023,73,2020,A,3,0,-,-
47037,3,1024,73,2020,A,3,0,-,-
47037,3,1025,73,2020,A,4,0,-,-
47037,3,54,74,2020,A,1,0,-,-
47037,3,541,75,2020,A,1,0,-,-
47037,3,62,74,2020,A,2,0,-,-
47037,5,10,71,2020,A,25482,426709,28728379344.00,67326.00
47037,5,101,72,2020,A,2391,44406,2981791230.00,67148.00
47037,5,102,72,2020,A,23091,382302,25746588114.00,67346.00
47037,5,1021,73,2020,A,5263,87939,4716098102.00,53629.00
47037,5,1023,73,2020,A,2591,32492,3333084554.00,102582.00
47037,5,1024,73,2020,A,5688,89455,7293269203.00,81530.00
47037,5,1025,73,2020,A,2632,95425,6710481711.00,70322.00
47037,5,54,74,2020,A,3769,37612,4194915784.00,111532.00
47037,5,541,75,2020,A,3769,37612,4194915784.00,111532.00
47037,5,62,74,2020,A,2275,77948,5541758300.00,71095.00
47037,0,10,70,2021,A,28150,500477,36214722595.00,72360.00
47037,1,10,71,2021,A,97,8228,700448158.00,85135.00
47037,1,102,72,2021,A,97,8228,700448158.00,85135.00
47037,1,1021,73,2021,A,31,2179,166913076.00,76598.00
47037,1,1023,73,2021,A,3,88,9506827.00,108237.00
47037,1,1024,73,2021,A,3,399,33467119.00,83983.00
47037,1,1025,73,2021,A,3,2292,213542980.00,93162.00
47037,1,54,74,2021,A,3,399,33467119.00,83983.00
47037,1,541,75,2021,A,3,399,33467119.00,83983.00
47037,1,62,74,2021,A,3,2292,213542980.00,93162.00
47037,2,10,71,2021,A,71,0,-,-
47037,2,102,72,2021,A,71,0,-,-
47037,2,1024,73,2021,A,1,0,-,-
47037,2,1025,73,2021,A,11,3127,182809601.00,58455.00
47037,2,62,74,2021,A,5,841,48613683.00,57810.00
47037,3,10,71,2021,A,27,0,-,-
47037,3,102,72,2021,A,27,0,-,-
47037,3,1021,73,2021,A,4,1360,142836719.00,105001.00
47037,3,1023,73,2021,A,3,0,-,-
47037,3,1024,73,2021,A,2,0,-,-
47037,3,1025,73,2021,A,4,0,-,-
47037,3,54,74,2021,A,1,0,-,-
47037,3,541,75,2021,A,1,0,-,-
47037,3,62,74,2021,A,2,0,-,-
47037,5,10,71,2021,A,27955,448956,32800049472.00,73059.00
47037,5,101,72,2021,A,2603,46013,3270654388.00,71081.00
47037,5,102,72,2021,A,25352,402942,29529395084.00,73284.00
47037,5,1021,73,2021,A,5505,91364,5347039614.00,58524.00
47037,5,1023,73,2021,A,2852,33652,3939916901.00,117077.00
47037,5,1024,73,2021,A,6534,96068,8400821779.00,87446.00
47037,5,1025,73,2021,A,2820,98065,7379556562.00,75252.00
47037,5,54,74,2021,A,4421,39741,4750462931.00,119534.00
47037,5,541,75,2021,A,4421,39741,4750462931.00,119534.00
47037,5,62,74,2021,A,2412,80511,6137296131.00,76229.00
47037,0,10,70,2022,A,31469,533519,40681623098.00,76252.00
47037,1,10,71,2022,A,95,8309,743531458.00,89489.00
47037,1,102,72,2022,A,95,8309,743531458.00,89489.00
47037,1,1021,73,2022,A,32,2250,178282968.00,79249.00
47037,1,1023,73,2022,A,3,78,8312279.00,106910.00
47037,1,1024,73,2022,A,3,399,33957419.00,85177.00
47037,1,1025,73,2022,A,3,2286,235247629.00,102930.00
47037,1,54,74,2022,A,3,399,33957419.00,85177.00
47037,1,541,75,2022,A,3,399,33957419.00,85177.00
47037,1,62,74,2022,A,3,2286,235247629.00,102930.00
47037,2,10,71,2022,A,73,19867,1378106539.00,69367.00
47037,2,102,72,2022,A,73,19867,1378106539.00,69367.00
47037,2,1024,73,2022,A,1,30,1933805.00,65002.00
47037,2,1025,73,2022,A,12,3242,189314755.00,58387.00
47037,2,62,74,2022,A,5,768,47190938.00,61480.00
47037,3,10,71,2022,A,27,24455,1532134327.00,62652.00
47037,3,102,72,2022,A,27,24455,1532134327.00,62652.00
47037,3,1021,73,2022,A,4,1384,151717669.00,109596.00
47037,3,1023,73,2022,A,3,359,22735158.00,63388.00
47037,3,1024,73,2022,A,2,147,9080224.00,61630.00
47037,3,1025,73,2022,A,4,11839,678415422.00,57304.00
47037,3,54,74,2022,A,1,1,94264.00,94264.00
47037,3,541,75,2022,A,1,1,94264.00,94264.00
47037,3,62,74,2022,A,2,976,55251628.00,56625.00
47037,5,10,71,2022,A,31274,480889,37027850774.00,76999.00
47037,5,101,72,2022,A,2831,48521,3618859967.00,74584.00
47037,5,102,72,2022,A,28444,432368,33408990807.00,77270.00
47037,5,1021,73,2022,A,5858,94055,5985474195.00,63638.00
47037,5,1023,73,2022,A,3205,35281,4160406578.00,117922.00
47037,5,1024,73,2022,A,7474,104241,9385463335.00,90037.00
47037,5,1025,73,2022,A,3215,100571,8023120850.00,79776.00
47037,5,54,74,2022,A,5137,41968,5090702513.00,121300.00
47037,5,541,75,2022,A,5137,41968,5090702513.00,121300.00
47037,5,62,74,2022,A,2750,82859,6640847275.00,80147.00
47037,0,10,70,2023,A,33972,549305,43183763403.00,78615.00
47037,1,10,71,2023,A,93,8853,842595997.00,95175.00
47037,1,102,72,2023,A,93,8853,842595997.00,95175.00
47037,1,1021,73,2023,A,32,2343,185817326.00,79307.00
47037,1,1023,73,2023,A,3,77,8915336.00,116414.00
47037,1,1024,73,2023,A,3,415,39250145.00,94598.00
47037,1,1025,73,2023,A,3,2516,290844000.00,115613.00
47037,1,54,74,2023,A,3,415,39250145.00,94598.00
47037,1,541,75,2023,A,3,415,39250145.00,94598.00
47037,1,62,74,2023,A,3,2516,290844000.00,115613.00
47037,2,10,71,2023,A,74,20526,1589931646.00,77461.00
47037,2,102,72,2023,A,74,20526,1589931646.00,77461.00
47037,2,1024,73,2023,A,1,31,2235000.00,71141.00
47037,2,1025,73,2023,A,12,3318,203796819.00,61422.00
47037,2,62,74,2023,A,5,785,51048774.00,65065.00
47037,3,10,71,2023,A,27,24919,1695406641.00,68036.00
47037,3,102,72,2023,A,27,24919,1695406641.00,68036.00
47037,3,1021,73,2023,A,4,1437,170281221.00,118539.00
47037,3,1023,73,2023,A,3,374,26571184.00,71125.00
47037,3,1024,73,2023,A,2,156,10373012.00,66707.00
47037,3,1025,73,2023,A,4,12082,731613808.00,60553.00
47037,3,54,74,2023,A,1,1,122917.00,122917.00
47037,3,541,75,2023,A,1,1,122917.00,122917.00
47037,3,62,74,2023,A,2,945,58882289.00,62342.00
47037,5,10,71,2023,A,33778,495007,39055829119.00,78900.00
47037,5,101,72,2023,A,2994,50921,4042786307.00,79393.00
47037,5,102,72,2023,A,30785,444086,35013042812.00,78843.00
47037,5,1021,73,2023,A,6217,95451,6202372837.00,64980.00
47037,5,1023,73,2023,A,3491,35236,4121475833.00,116967.00
47037,5,1024,73,2023,A,8130,104303,9704977988.00,93046.00
47037,5,1025,73,2023,A,3478,104800,8547486903.00,81560.00
47037,5,54,74,2023,A,5618,43369,5424258681.00,125072.00
47037,5,541,75,2023,A,5618,43369,5424258681.00,125072.00
47037,5,62,74,2023,A,2984,86375,7066668689.00,81814.00
51600,0,10,70,2020,A,1685,18024,1135225149.00,62983.00
51600,1,10,71,2020,A,7,294,22147067.00,75309.00
51600,1,102,72,2020,A,7,294,22147067.00,75309.00
51600,1,1021,73,2020,A,2,179,11383354.00,63535.00
51600,2,10,71,2020,A,19,311,20633307.00,66452.00
51600,2,102,72,2020,A,19,311,20633307.00,66452.00
51600,2,1025,73,2020,A,4,140,11332050.00,80847.00
51600,2,62,74,2020,A,2,0,-,-
51600,3,10,71,2020,A,17,1069,78814746.00,73751.00
51600,3,101,72,2020,A,1,0,-,-
51600,3,102,72,2020,A,16,0,-,-
51600,3,1021,73,2020,A,2,0,-,-
51600,3,1024,73,2020,A,3,46,3237308.00,70122.00
51600,3,54,74,2020,A,1,0,-,-
51600,3,541,75,2020,A,1,0,-,-
51600,5,10,71,2020,A,1642,16351,1013630029.00,61992.00
51600,5,101,72,2020,A,90,574,35105031.00,61185.00
51600,5,102,72,2020,A,1552,15777,978524998.00,62021.00
51600,5,1021,73,2020,A,191,3373,164180062.00,48677.00
51600,5,1023,73,2020,A,156,1226,133249033.00,108730.00
51600,5,1024,73,2020,A,544,4399,409243454.00,93042.00
51600,5,1025,73,2020,A,270,3343,154025088.00,46072.00
51600,5,54,74,2020,A,461,3079,328348109.00,106647.00
51600,5,541,75,2020,A,461,3079,328348109.00,106647.00
51600,5,62,74,2020,A,240,2959,135671846.00,45844.00
51600,0,10,70,2021,A,1740,18862,1220483620.00,64707.00
51600,1,10,71,2021,A,7,282,22678622.00,80326.00
51600,1,102,72,2021,A,7,282,22678622.00,80326.00
51600,1,1021,73,2021,A,2,187,11544163.00,61816.00
51600,2,10,71,2021,A,19,332,23569340.00,70903.00
51600,2,102,72,2021,A,19,332,23569340.00,70903.00
51600,2,1025,73,2021,A,4,160,13724420.00,86002.00
51600,2,62,74,2021,A,2,0,-,-
51600,3,10,71,2021,A,17,1292,88604020.00,68557.00
51600,3,101,72,2021,A,1,0,-,-
51600,3,102,72,2021,A,16,0,-,-
51600,3,1021,73,2021,A,2,0,-,-
51600,3,1024,73,2021,A,3,45,3083711.00,67898.00
51600,3,54,74,2021,A,1,0,-,-
51600,3,541,75,2021,A,1,0,-,-
51600,5,10,71,2021,A,1697,16955,1085631638.00,64032.00
51600,5,101,72,2021,A,92,604,39478739.00,65371.00
51600,5,102,72,2021,A,1605,16351,1046152899.00,63983.00
51600,5,1021,73,2021,A,199,3535,182684228.00,51677.00
51600,5,1023,73,2021,A,159,1042,116260404.00,111583.00
51600,5,1024,73,2021,A,554,4527,451778962.00,99789.00
51600,5,1025,73,2021,A,286,3397,160831566.00,47350.00
51600,5,54,74,2021,A,473,3307,378972214.00,114583.00
51600,5,541,75,2021,A,473,3307,378972214.00,114583.00
51600,5,62,74,2021,A,253,2968,141024279.00,47512.00
51600,0,10,70,2022,A,1897,21750,1470039084.00,67588.00
51600,1,10,71,2022,A,12,402,41942710.00,104249.00
51600,1,102,72,2022,A,12,402,41942710.00,104249.00
51600,1,1021,73,2022,A,2,180,12421382.00,68976.00
51600,2,10,71,2022,A,20,330,25310430.00,76698.00
51600,2,101,72,2022,A,0,1,43412.00,65118.00
51600,2,102,72,2022,A,20,329,25267018.00,76722.00
51600,2,1025,73,2022,A,4,155,14702247.00,94853.00
51600,2,62,74,2022,A,2,91,5863852.00,64379.00
51600,3,10,71,2022,A,20,3321,248624540.00,74876.00
51600,3,101,72,2022,A,1,40,3043123.00,75294.00
51600,3,102,72,2022,A,19,3280,245581417.00,74870.00
51600,3,1021,73,2022,A,2,48,3129278.00,64856.00
51600,3,1024,73,2022,A,3,50,3632655.00,73141.00
51600,3,1025,73,2022,A,1,654,56966397.00,87116.00
51600,3,54,74,2022,A,1,16,1528383.00,96529.00
51600,3,541,75,2022,A,1,16,1528383.00,96529.00
51600,3,62,74,2022,A,1,654,56966397.00,87116.00
51600,5,10,71,2022,A,1844,17697,1154161404.00,65218.00
51600,5,101,72,2022,A,100,669,45922231.00,68643.00
51600,5,102,72,2022,A,1745,17028,1108239173.00,65083.00
51600,5,1021,73,2022,A,213,3464,195673796.00,56492.00
51600,5,1023,73,2022,A,174,972,111381893.00,114581.00
51600,5,1024,73,2022,A,598,4702,478560635.00,101776.00
51600,5,1025,73,2022,A,312,3470,162790068.00,46920.00
51600,5,54,74,2022,A,506,3367,392699797.00,116646.00
51600,5,541,75,2022,A,506,3367,392699797.00,116646.00
51600,5,62,74,2022,A,274,2978,141036834.00,47360.00
51600,0,10,70,2023,A,1837,23381,1670677793.00,71456.00
51600,1,10,71,2023,A,20,665,82435159.00,123916.00
51600,1,102,72,2023,A,20,665,82435159.00,123916.00
51600,1,1021,73,2023,A,2,176,12805659.00,72588.00
51600,1,1023,73,2023,A,0,2,349447.00,149763.00
51600,2,10,71,2023,A,25,362,28989594.00,80063.00
51600,2,101,72,2023,A,1,18,1546748.00,85142.00
51600,2,102,72,2023,A,24,344,27442846.00,79795.00
51600,2,1025,73,2023,A,4,166,15750074.00,94785.00
51600,2,62,74,2023,A,2,106,7069962.00,66645.00
51600,3,10,71,2023,A,20,3363,272204988.00,80937.00
51600,3,101,72,2023,A,1,41,3168830.00,77922.00
51600,3,102,72,2023,A,19,3323,269036158.00,80974.00
51600,3,1021,73,2023,A,2,51,3421491.00,67088.00
51600,3,1024,73,2023,A,3,54,4052453.00,75278.00
51600,3,1025,73,2023,A,1,666,65126225.00,97812.00
51600,3,54,74,2023,A,1,18,1827909.00,100159.00
51600,3,541,75,2023,A,1,18,1827909.00,100159.00
51600,3,62,74,2023,A,1,666,65126225.00,97812.00
51600,5,10,71,2023,A,1771,18990,1287048052.00,67774.00
51600,5,101,72,2023,A,101,698,46697169.00,66941.00
51600,5,102,72,2023,A,1671,18293,1240350883.00,67806.00
51600,5,1021,73,2023,A,209,3482,197652005.00,56761.00
51600,5,1023,73,2023,A,168,921,97996444.00,106383.00
51600,5,1024,73,2023,A,554,5117,579262631.00,113202.00
51600,5,1025,73,2023,A,324,4150,194670897.00,46904.00
51600,5,54,74,2023,A,464,3394,466222880.00,137367.00
51600,5,541,75,2023,A,464,3394,466222880.00,137367.00
51600,5,62,74,2023,A,287,3808,183980132.00,48318.00
51107,0,10,70,2020,A,12933,165166,12087623391.00,73185.00
51107,1,10,71,2020,A,46,4792,499646931.00,104274.00
51107,1,102,72,2020,A,46,4792,499646931.00,104274.00
51107,1,1021,73,2020,A,22,1663,170883938.00,102772.00
51107,1,1023,73,2020,A,1,0,-,-
51107,1,1024,73,2020,A,2,31,3535126.00,113731.00
51107,1,54,74,2020,A,2,31,3535126.00,113731.00
51107,1,541,75,2020,A,2,31,3535126.00,113731.00
51107,2,10,71,2020,A,21,1044,45794507.00,43847.00
51107,2,101,72,2020,A,1,0,-,-
51107,2,102,72,2020,A,20,0,-,-
51107,2,1025,73,2020,A,3,0,-,-
51107,2,62,74,2020,A,1,0,-,-
51107,3,10,71,2020,A,244,21391,1278061596.00,59749.00
51107,3,102,72,2020,A,244,21391,1278061596.00,59749.00
51107,3,1021,73,2020,A,4,2264,142420833.00,62907.00
51107,3,1024,73,2020,A,1,0,-,-
51107,3,1025,73,2020,A,123,14060,774810446.00,55109.00
51107,3,54,74,2020,A,1,0,-,-
51107,3,541,75,2020,A,1,0,-,-
51107,3,62,74,2020,A,21,837,43923981.00,52452.00
51107,5,10,71,2020,A,12622,137940,10264120357.00,74410.00
51107,5,101,72,2020,A,1175,25140,2207172275.00,87795.00
51107,5,102,72,2020,A,11448,112799,8056948082.00,71427.00
51107,5,1021,73,2020,A,1712,29895,1388915793.00,46459.00
51107,5,1023,73,2020,A,907,5816,634740033.00,109135.00
51107,5,1024,73,2020,A,4357,32431,3118493053.00,96158.00
51107,5,1025,73,2020,A,1652,16012,880995176.00,55020.00
51107,5,54,74,2020,A,3576,21023,2462800615.00,117146.00
51107,5,541,75,2020,A,3576,21023,2462800615.00,117146.00
51107,5,62,74,2020,A,1421,13121,744901447.00,56771.00
51107,0,10,70,2021,A,13591,172484,12943519988.00,75042.00
51107,1,10,71,2021,A,46,5269,580508944.00,110167.00
51107,1,102,72,2021,A,46,5269,580508944.00,110167.00
51107,1,1021,73,2021,A,21,1672,177083358.00,105922.00
51107,1,1023,73,2021,A,0,0,-,-
51107,1,1024,73,2021,A,2,33,3739888.00,113617.00
51107,1,54,74,2021,A,2,33,3739888.00,113617.00
51107,1,541,75,2021,A,2,33,3739888.00,113617.00
51107,2,10,71,2021,A,21,972,45656339.00,46976.00
51107,2,101,72,2021,A,1,0,-,-
51107,2,102,72,2021,A,20,0,-,-
51107,2,1025,73,2021,A,3,0,-,-
51107,2,62,74,2021,A,1,0,-,-
51107,3,10,71,2021,A,242,21679,1361101357.00,62784.00
51107,3,102,72,2021,A,242,21679,1361101357.00,62784.00
51107,3,1021,73,2021,A,4,2242,148334637.00,66177.00
51107,3,1024,73,2021,A,1,0,-,-
51107,3,1025,73,2021,A,123,13973,819392772.00,58643.00
51107,3,54,74,2021,A,1,0,-,-
51107,3,541,75,2021,A,1,0,-,-
51107,3,62,74,2021,A,21,877,46729795.00,53284.00
51107,5,10,71,2021,A,13282,144564,10956253348.00,75788.00
51107,5,101,72,2021,A,1229,26108,2208446456.00,84589.00
51107,5,102,72,2021,A,12054,118456,8747806892.00,73849.00
51107,5,1021,73,2021,A,1753,31017,1567467688.00,50536.00
51107,5,1023,73,2021,A,983,5900,711274276.00,120548.00
51107,5,1024,73,2021,A,4587,33130,3274282071.00,98833.00
51107,5,1025,73,2021,A,1751,17765,1013046132.00,57024.00
51107,5,54,74,2021,A,3794,21845,2569689227.00,117631.00
51107,5,541,75,2021,A,3794,21845,2569689227.00,117631.00
51107,5,62,74,2021,A,1511,14605,855000112.00,58542.00
51107,0,10,70,2022,A,14965,180628,14193053336.00,78576.00
51107,1,10,71,2022,A,49,6093,712974967.00,117009.00
51107,1,102,72,2022,A,49,6093,712974967.00,117009.00
51107,1,1021,73,2022,A,20,1785,200083570.00,112113.00
51107,1,1024,73,2022,A,2,32,3652185.00,115332.00
51107,1,54,74,2022,A,2,32,3652185.00,115332.00
51107,1,541,75,2022,A,2,32,3652185.00,115332.00
51107,2,10,71,2022,A,21,923,47842679.00,51815.00
51107,2,101,72,2022,A,1,60,4310063.00,71339.00
51107,2,102,72,2022,A,20,863,43532616.00,50448.00
51107,2,1025,73,2022,A,3,434,20969394.00,48363.00
51107,2,62,74,2022,A,1,9,627608.00,69734.00
51107,3,10,71,2022,A,243,22207,1453531916.00,65454.00
51107,3,102,72,2022,A,243,22207,1453531916.00,65454.00
51107,3,1021,73,2022,A,4,2244,163015111.00,72639.00
51107,3,1024,73,2022,A,1,26,2604620.00,99540.00
51107,3,1025,73,2022,A,124,14294,875517410.00,61251.00
51107,3,54,74,2022,A,1,26,2604620.00,99540.00
51107,3,541,75,2022,A,1,26,2604620.00,99540.00
51107,3,62,74,2022,A,21,888,46932471.00,52877.00
51107,5,10,71,2022,A,14653,151405,11978703774.00,79117.00
51107,5,101,72,2022,A,1333,26246,2329026914.00,88737.00
51107,5,102,72,2022,A,13319,125158,9649676860.00,77100.00
51107,5,1021,73,2022,A,1811,32749,1781438822.00,54397.00
51107,5,1023,73,2022,A,1063,6210,733669573.00,118140.00
51107,5,1024,73,2022,A,5204,34494,3652230546.00,105880.00
51107,5,1025,73,2022,A,1917,18950,1163319045.00,61390.00
51107,5,54,74,2022,A,4296,23124,2895362949.00,125209.00
51107,5,541,75,2022,A,4296,23124,2895362949.00,125209.00
51107,5,62,74,2022,A,1655,16075,1035046825.00,64389.00
51107,0,10,70,2023,A,14742,189016,15212275379.00,80481.00
51107,1,10,71,2023,A,62,6663,848193561.00,127305.00
51107,1,102,72,2023,A,62,6663,848193561.00,127305.00
51107,1,1021,73,2023,A,20,1873,222089000.00,118553.00
51107,1,1024,73,2023,A,2,31,3824988.00,124054.00
51107,1,54,74,2023,A,2,31,3824988.00,124054.00
51107,1,541,75,2023,A,2,31,3824988.00,124054.00
51107,2,10,71,2023,A,25,844,51085219.00,60545.00
51107,2,101,72,2023,A,1,66,4739153.00,71624.00
51107,2,102,72,2023,A,24,778,46346066.00,59603.00
51107,2,1025,73,2023,A,3,347,20151374.00,58031.00
51107,2,62,74,2023,A,1,8,541701.00,72227.00
51107,3,10,71,2023,A,245,22919,1537127278.00,67068.00
51107,3,102,72,2023,A,245,22919,1537127278.00,67068.00
51107,3,1021,73,2023,A,4,2289,172422633.00,75338.00
51107,3,1024,73,2023,A,1,28,2983580.00,104994.00
51107,3,1025,73,2023,A,126,14592,895283685.00,61354.00
51107,3,54,74,2023,A,1,28,2983580.00,104994.00
51107,3,541,75,2023,A,1,28,2983580.00,104994.00
51107,3,62,74,2023,A,21,942,53760886.00,57076.00
51107,5,10,71,2023,A,14410,158590,12775869321.00,80559.00
51107,5,101,72,2023,A,1315,27010,2432389654.00,90057.00
51107,5,102,72,2023,A,13095,131581,10343479667.00,78609.00
51107,5,1021,73,2023,A,1754,34259,1895796950.00,55337.00
51107,5,1023,73,2023,A,1039,6537,807057836.00,123452.00
51107,5,1024,73,2023,A,5311,36256,4004466765.00,110451.00
51107,5,1025,73,2023,A,1893,20502,1262309483.00,61571.00
51107,5,54,74,2023,A,4442,24206,3179949482.00,131369.00
51107,5,541,75,2023,A,4442,24206,3179949482.00,131369.00
51107,5,62,74,2023,A,1630,17307,1117577836.00,64573.00
24033,0,10,70,2020,A,16397,295521,19112703712.00,64675.00
24033,1,10,71,2020,A,115,27468,3142447098.00,114402.00
24033,1,102,72,2020,A,115,27468,3142447098.00,114402.00
24033,1,1021,73,2020,A,35,2611,167984773.00,64343.00
24033,1,1023,73,2020,A,1,44,4590163.00,105118.00
24033,1,1024,73,2020,A,9,595,85548983.00,143860.00
24033,1,1025,73,2020,A,4,203,11911068.00,58820.00
24033,1,54,74,2020,A,7,593,85462847.00,144201.00
24033,1,541,75,2020,A,7,593,85462847.00,144201.00
24033,1,62,74,2020,A,3,138,5162943.00,37345.00
24033,2,10,71,2020,A,15,20966,1240184020.00,59154.00
24033,2,102,72,2020,A,15,20966,1240184020.00,59154.00
24033,2,1025,73,2020,A,7,19639,1173293813.00,59743.00
24033,2,62,74,2020,A,1,0,-,-
24033,3,10,71,2020,A,299,39424,2804710653.00,71143.00
24033,3,102,72,2020,A,299,39424,2804710653.00,71143.00
24033,3,1021,73,2020,A,2,0,-,-
24033,3,1024,73,2020,A,7,1185,113070669.00,95445.00
24033,3,1025,73,2020,A,256,20394,1312931918.00,64377.00
24033,3,54,74,2020,A,2,0,-,-
24033,3,541,75,2020,A,2,0,-,-
24033,3,62,74,2020,A,1,0,-,-
24033,5,10,71,2020,A,15969,207663,11925361941.00,57427.00
24033,5,101,72,2020,A,2162,34551,2526473036.00,73122.00
24033,5,102,72,2020,A,13807,173111,9398888905.00,54294.00
24033,5,1021,73,2020,A,3389,55965,2570980083.00,45939.00
24033,5,1023,73,2020,A,1325,10432,695941975.00,66715.00
24033,5,1024,73,2020,A,3343,36969,2919073020.00,78959.00
24033,5,1025,73,2020,A,2389,32192,1926303461.00,59839.00
24033,5,54,74,2020,A,2152,20451,2052452406.00,100359.00
24033,5,541,75,2020,A,2152,20451,2052452406.00,100359.00
24033,5,62,74,2020,A,2140,28669,1696901472.00,59189.00
24033,0,10,70,2021,A,16408,301912,20143002368.00,66718.00
24033,1,10,71,2021,A,118,29624,3509205628.00,118459.00
24033,1,102,72,2021,A,118,29624,3509205628.00,118459.00
24033,1,1021,73,2021,A,35,2753,177059913.00,64323.00
24033,1,1023,73,2021,A,1,46,4996315.00,107834.00
24033,1,1024,73,2021,A,11,601,86596388.00,144087.00
24033,1,1025,73,2021,A,4,208,12865963.00,61856.00
24033,1,54,74,2021,A,9,600,86534435.00,144304.00
24033,1,541,75,2021,A,9,600,86534435.00,144304.00
24033,1,62,74,2021,A,3,139,5611979.00,40374.00
24033,2,10,71,2021,A,15,19227,1255465344.00,65298.00
24033,2,102,72,2021,A,15,19227,1255465344.00,65298.00
24033,2,1025,73,2021,A,7,17979,1188372578.00,66099.00
24033,2,62,74,2021,A,1,0,-,-
24033,3,10,71,2021,A,297,39638,2856584092.00,72066.00
24033,3,102,72,2021,A,297,39638,2856584092.00,72066.00
24033,3,1021,73,2021,A,2,0,-,-
24033,3,1024,73,2021,A,7,1194,114830327.00,96200.00
24033,3,1025,73,2021,A,254,20425,1363877954.00,66774.00
24033,3,54,74,2021,A,2,0,-,-
24033,3,541,75,2021,A,2,0,-,-
24033,3,62,74,2021,A,1,0,-,-
24033,5,10,71,2021,A,15979,213423,12521747304.00,58671.00
24033,5,101,72,2021,A,2166,34370,2538226729.00,73851.00
24033,5,102,72,2021,A,13812,179053,9983520575.00,55757.00
24033,5,1021,73,2021,A,3317,57984,2708949507.00,46719.00
24033,5,1023,73,2021,A,1315,10153,698055288.00,68752.00
24033,5,1024,73,2021,A,3432,38860,3080662727.00,79276.00
24033,5,1025,73,2021,A,2383,32096,2053843735.00,63990.00
24033,5,54,74,2021,A,2263,21371,2136523130.00,99971.00
24033,5,541,75,2021,A,2263,21371,2136523130.00,99971.00
24033,5,62,74,2021,A,2123,28425,1762653315.00,62012.00
24033,0,10,70,2022,A,17478,311391,21443121761.00,68862.00
24033,1,10,71,2022,A,141,29992,3696808343.00,123260.00
24033,1,102,72,2022,A,141,29992,3696808343.00,123260.00
24033,1,1021,73,2022,A,36,2722,174166910.00,63979.00
24033,1,1023,73,2022,A,1,326,41792349.00,128099.00
24033,1,1024,73,2022,A,9,606,90487607.00,149217.00
24033,1,1025,73,2022,A,4,212,14523288.00,68372.00
24033,1,54,74,2022,A,7,605,90413309.00,149443.00
24033,1,541,75,2022,A,7,605,90413309.00,149443.00
24033,1,62,74,2022,A,3,142,6693353.00,47219.00
24033,2,10,71,2022,A,15,22706,1350910798.00,59496.00
24033,2,102,72,2022,A,15,22706,1350910798.00,59496.00
24033,2,1025,73,2022,A,7,21352,1268661721.00,59417.00
24033,2,62,74,2022,A,1,0,-,-
24033,3,10,71,2022,A,296,40198,3115549588.00,77504.00
24033,3,102,72,2022,A,296,40198,3115549588.00,77504.00
24033,3,1021,73,2022,A,2,0,-,-
24033,3,1024,73,2022,A,7,1141,111120514.00,97431.00
24033,3,1025,73,2022,A,255,20759,1481454452.00,71366.00
24033,3,54,74,2022,A,1,0,-,-
24033,3,541,75,2022,A,1,0,-,-
24033,3,62,74,2022,A,1,0,-,-
24033,5,10,71,2022,A,17026,218495,13279853032.00,60779.00
24033,5,101,72,2022,A,2250,34184,2667422352.00,78030.00
24033,5,102,72,2022,A,14776,184310,10612430680.00,57579.00
24033,5,1021,73,2022,A,3448,58943,2901022234.00,49217.00
24033,5,1023,73,2022,A,1369,10377,734050726.00,70737.00
24033,5,1024,73,2022,A,3834,39767,3273879228.00,82327.00
24033,5,1025,73,2022,A,2488,31702,2042293993.00,64421.00
24033,5,54,74,2022,A,2548,21402,2263311602.00,105754.00
24033,5,541,75,2022,A,2548,21402,2263311602.00,105754.00
24033,5,62,74,2022,A,2199,28019,1811161847.00,64642.00
24033,0,10,70,2023,A,18018,318512,22779323620.00,71518.00
24033,1,10,71,2023,A,146,30399,3912876845.00,128718.00
24033,1,102,72,2023,A,146,30399,3912876845.00,128718.00
24033,1,1021,73,2023,A,36,2648,180590076.00,68207.00
24033,1,1023,73,2023,A,2,403,54690974.00,135738.00
24033,1,1024,73,2023,A,9,634,98499762.00,155342.00
24033,1,1025,73,2023,A,4,218,15194261.00,69645.00
24033,1,54,74,2023,A,7,632,98393775.00,155748.00
24033,1,541,75,2023,A,7,632,98393775.00,155748.00
24033,1,62,74,2023,A,3,150,7223777.00,48320.00
24033,2,10,71,2023,A,18,23582,1546497291.00,65580.00
24033,2,101,72,2023,A,3,0,-,-
24033,2,102,72,2023,A,15,0,-,-
24033,2,1025,73,2023,A,7,22181,1455587124.00,65622.00
24033,2,62,74,2023,A,1,0,-,-
24033,3,10,71,2023,A,295,40997,3331279421.00,81258.00
24033,3,101,72,2023,A,0,0,-,-
24033,3,102,72,2023,A,295,0,-,-
24033,3,1021,73,2023,A,2,0,-,-
24033,3,1024,73,2023,A,7,1169,118220481.00,101144.00
24033,3,1025,73,2023,A,253,20688,1532040256.00,74054.00
24033,3,54,74,2023,A,1,0,-,-
24033,3,541,75,2023,A,1,0,-,-
24033,3,62,74,2023,A,1,0,-,-
24033,5,10,71,2023,A,17559,223535,13988670063.00,62579.00
24033,5,101,72,2023,A,2313,34853,2800259819.00,80345.00
24033,5,102,72,2023,A,15246,188683,11188410244.00,59298.00
24033,5,1021,73,2023,A,3483,58601,2981719512.00,50882.00
24033,5,1023,73,2023,A,1378,10399,753337721.00,72445.00
24033,5,1024,73,2023,A,3957,40427,3439576943.00,85081.00
24033,5,1025,73,2023,A,2572,33547,2199302647.00,65559.00
24033,5,54,74,2023,A,2680,21580,2354226108.00,109094.00
24033,5,541,75,2023,A,2680,21580,2354226108.00,109094.00
24033,5,62,74,2023,A,2261,29974,1984356961.00,66203.00
6085,0,10,70,2020,A,75258,1051175,171000000000.00,162608.00
6085,1,10,71,2020,A,92,10503,1107847682.00,105482.00
6085,1,102,72,2020,A,92,10503,1107847682.00,105482.00
6085,1,1021,73,2020,A,39,2906,228003033.00,78448.00
6085,1,1025,73,2020,A,1,3329,406794633.00,122209.00
6085,1,62,74,2020,A,1,3329,406794633.00,122209.00
6085,2,10,71,2020,A,222,6448,454374547.00,70465.00
6085,2,102,72,2020,A,222,6448,454374547.00,70465.00
6085,2,1024,73,2020,A,2,0,-,-
6085,2,1025,73,2020,A,174,4868,342919508.00,70445.00
6085,3,10,71,2020,A,1164,73860,6664165548.00,90227.00
6085,3,101,72,2020,A,3,792,75460339.00,95298.00
6085,3,102,72,2020,A,1161,73068,6588705209.00,90172.00
6085,3,1021,73,2020,A,30,4200,487393849.00,116058.00
6085,3,1023,73,2020,A,2,0,-,-
6085,3,1024,73,2020,A,5,290,27810585.00,95816.00
6085,3,1025,73,2020,A,1030,43224,3412346068.00,78946.00
6085,3,54,74,2020,A,3,0,-,-
6085,3,541,75,2020,A,3,0,-,-
6085,3,62,74,2020,A,10,0,-,-
6085,5,10,71,2020,A,73780,960364,163000000000.00,169418.00
6085,5,101,72,2020,A,6720,217030,48905999197.00,225342.00
6085,5,102,72,2020,A,67060,743334,114000000000.00,153090.00
6085,5,1021,73,2020,A,7373,115839,9406995133.00,81208.00
6085,5,1023,73,2020,A,5299,37396,6114511460.00,163505.00
6085,5,1024,73,2020,A,12791,232187,45882280211.00,197609.00
6085,5,1025,73,2020,A,29250,160718,13065530691.00,81295.00
6085,5,54,74,2020,A,10050,160359,36365827531.00,226778.00
6085,5,541,75,2020,A,10050,160359,36365827531.00,226778.00
6085,5,62,74,2020,A,28075,125303,9491317617.00,75747.00
6085,0,10,70,2021,A,75976,1070603,198000000000.00,185253.00
6085,1,10,71,2021,A,92,10324,1108848928.00,107409.00
6085,1,102,72,2021,A,92,10324,1108848928.00,107409.00
6085,1,1021,73,2021,A,40,2868,206398235.00,71964.00
6085,1,1025,73,2021,A,1,3487,429390459.00,123132.00
6085,1,62,74,2021,A,1,3487,429390459.00,123132.00
6085,2,10,71,2021,A,230,6529,476872719.00,73038.00
6085,2,102,72,2021,A,230,6529,476872719.00,73038.00
6085,2,1024,73,2021,A,2,0,-,-
6085,2,1025,73,2021,A,181,4838,353277729.00,73015.00
6085,3,10,71,2021,A,1170,72534,6862759536.00,94614.00
6085,3,101,72,2021,A,3,789,76157753.00,96484.00
6085,3,102,72,2021,A,1167,71745,6786601783.00,94594.00
6085,3,1021,73,2021,A,30,4099,498255605.00,121546.00
6085,3,1023,73,2021,A,2,0,-,-
6085,3,1024,73,2021,A,5,284,26928693.00,94959.00
6085,3,1025,73,2021,A,1036,42848,3609681886.00,84243.00
6085,3,54,74,2021,A,3,0,-,-
6085,3,541,75,2021,A,3,0,-,-
6085,3,62,74,2021,A,10,0,-,-
6085,5,10,71,2021,A,74485,981216,190000000000.00,193519.00
6085,5,101,72,2021,A,6785,219307,56381846826.00,257091.00
6085,5,102,72,2021,A,67700,761910,134000000000.00,175220.00
6085,5,1021,73,2021,A,7295,116739,12342668957.00,105729.00
6085,5,1023,73,2021,A,5393,37568,7311695026.00,194626.00
6085,5,1024,73,2021,A,12731,237716,52951053397.00,222749.00
6085,5,1025,73,2021,A,30027,166164,14057344725.00,84599.00
6085,5,54,74,2021,A,10034,162712,42278463211.00,259837.00
6085,5,541,75,2021,A,10034,162712,42278463211.00,259837.00
6085,5,62,74,2021,A,28849,130288,10338258809.00,79350.00
6085,0,10,70,2022,A,77495,1117310,187000000000.00,167812.00
6085,1,10,71,2022,A,87,10073,1175314746.00,116681.00
6085,1,102,72,2022,A,87,10073,1175314746.00,116681.00
6085,1,1021,73,2022,A,39,2743,221180890.00,80647.00
6085,1,1025,73,2022,A,1,3470,477473078.00,137587.00
6085,1,62,74,2022,A,1,3470,477473078.00,137587.00
6085,2,10,71,2022,A,220,6598,504694946.00,76497.00
6085,2,102,72,2022,A,220,6598,504694946.00,76497.00
6085,2,1024,73,2022,A,2,213,13413508.00,63122.00
6085,2,1025,73,2022,A,171,5004,382176286.00,76374.00
6085,3,10,71,2022,A,1151,75470,7260249453.00,96201.00
6085,3,101,72,2022,A,3,793,77730518.00,97990.00
6085,3,102,72,2022,A,1148,74676,7182518935.00,96182.00
6085,3,1021,73,2022,A,30,4140,529913048.00,128003.00
6085,3,1023,73,2022,A,2,7,790328.00,114264.00
6085,3,1024,73,2022,A,6,295,29100459.00,98813.00
6085,3,1025,73,2022,A,1017,44810,3892566696.00,86869.00
6085,3,54,74,2022,A,3,73,8261933.00,113566.00
6085,3,541,75,2022,A,3,73,8261933.00,113566.00
6085,3,62,74,2022,A,11,9937,1075397187.00,108223.00
6085,5,10,71,2022,A,76037,1025170,179000000000.00,174173.00
6085,5,101,72,2022,A,6937,230135,55270040814.00,240163.00
6085,5,102,72,2022,A,69100,795035,123000000000.00,155071.00
6085,5,1021,73,2022,A,7229,118416,11090463169.00,93657.00
6085,5,1023,73,2022,A,5492,36891,6334478185.00,171706.00
6085,5,1024,73,2022,A,12664,245267,48647927704.00,198347.00
6085,5,1025,73,2022,A,31284,174591,15370568368.00,88038.00
6085,5,54,74,2022,A,9958,167623,39256104879.00,234193.00
6085,5,541,75,2022,A,9958,167623,39256104879.00,234193.00
6085,5,62,74,2022,A,30070,136283,11131972788.00,81683.00
6085,0,10,70,2023,A,79372,1119710,196000000000.00,174694.00
6085,1,10,71,2023,A,91,10030,1264744482.00,126091.00
6085,1,102,72,2023,A,91,10030,1264744482.00,126091.00
6085,1,1021,73,2023,A,45,2669,215253849.00,80655.00
6085,1,1025,73,2023,A,1,3580,552378532.00,154285.00
6085,1,62,74,2023,A,1,3580,552378532.00,154285.00
6085,2,10,71,2023,A,202,6514,507932260.00,77972.00
6085,2,102,72,2023,A,202,6514,507932260.00,77972.00
6085,2,1024,73,2023,A,2,140,10188656.00,72863.00
6085,2,1025,73,2023,A,153,4992,390285628.00,78186.00
6085,3,10,71,2023,A,1125,77911,7982640593.00,102458.00
6085,3,101,72,2023,A,8,863,91277475.00,105737.00
6085,3,102,72,2023,A,1117,77048,7891363118.00,102421.00
6085,3,1021,73,2023,A,29,4373,568063616.00,129912.00
6085,3,1023,73,2023,A,2,7,849621.00,130711.00
6085,3,1024,73,2023,A,5,290,29667701.00,102479.00
6085,3,1025,73,2023,A,985,46437,4352969464.00,93738.00
6085,3,54,74,2023,A,2,73,8874391.00,121152.00
6085,3,541,75,2023,A,2,73,8874391.00,121152.00
6085,3,62,74,2023,A,11,10577,1301557089.00,123058.00
6085,5,10,71,2023,A,77954,1025254,186000000000.00,181273.00
6085,5,101,72,2023,A,7029,231491,59389530773.00,256552.00
6085,5,102,72,2023,A,70925,793763,126000000000.00,159319.00
6085,5,1021,73,2023,A,7207,118057,11781112597.00,99792.00
6085,5,1023,73,2023,A,5545,36644,6276606859.00,171285.00
6085,5,1024,73,2023,A,12688,236289,48317026714.00,204483.00
6085,5,1025,73,2023,A,32875,182630,16613532695.00,90968.00
6085,5,54,74,2023,A,9923,160970,39175695588.00,243373.00
6085,5,541,75,2023,A,9923,160970,39175695588.00,243373.00
6085,5,62,74,2023,A,31644,141635,12091721440.00,85372.00
37183,0,10,70,2020,A,38920,550820,35833147547.00,65054.00
37183,1,10,71,2020,A,84,5841,462931148.00,79251.00
37183,1,102,72,2020,A,84,5841,462931148.00,79251.00
37183,1,1021,73,2020,A,25,2497,181162421.00,72550.00
37183,1,1023,73,2020,A,4,115,12332371.00,107316.00
37183,1,1024,73,2020,A,2,32,2877073.00,90143.00
37183,1,1025,73,2020,A,1,7,902396.00,135359.00
37183,1,54,74,2020,A,2,32,2877073.00,90143.00
37183,1,541,75,2020,A,2,32,2877073.00,90143.00
37183,1,62,74,2020,A,1,7,902396.00,135359.00
37183,2,10,71,2020,A,71,39622,2323601086.00,58644.00
37183,2,102,72,2020,A,71,39622,2323601086.00,58644.00
37183,2,1025,73,2020,A,5,0,-,-
37183,3,10,71,2020,A,254,35496,1850190811.00,52124.00
37183,3,102,72,2020,A,254,35496,1850190811.00,52124.00
37183,3,1021,73,2020,A,28,574,34183026.00,59570.00
37183,3,1023,73,2020,A,1,0,-,-
37183,3,1025,73,2020,A,202,21411,1046353777.00,48870.00
37183,5,10,71,2020,A,38511,469861,31196424502.00,66395.00
37183,5,101,72,2020,A,4521,56873,4401237854.00,77388.00
37183,5,102,72,2020,A,33989,412988,26795186648.00,64881.00
37183,5,1021,73,2020,A,6279,101192,5423961381.00,53601.00
37183,5,1023,73,2020,A,4195,31536,2944982243.00,93385.00
37183,5,1024,73,2020,A,11470,118892,9966654737.00,83829.00
37183,5,1025,73,2020,A,4113,71561,4128536970.00,57692.00
37183,5,54,74,2020,A,8220,65056,6712730692.00,103184.00
37183,5,541,75,2020,A,8220,65056,6712730692.00,103184.00
37183,5,62,74,2020,A,3396,61661,3697824380.00,59971.00
37183,0,10,70,2021,A,41382,582687,40349830259.00,69248.00
37183,1,10,71,2021,A,85,5839,482259002.00,82589.00
37183,1,102,72,2021,A,85,5839,482259002.00,82589.00
37183,1,1021,73,2021,A,26,2550,187152279.00,73405.00
37183,1,1023,73,2021,A,4,122,12916097.00,105942.00
37183,1,1024,73,2021,A,2,31,2878689.00,94126.00
37183,1,1025,73,2021,A,1,3,412379.00,141387.00
37183,1,54,74,2021,A,2,31,2878689.00,94126.00
37183,1,541,75,2021,A,2,31,2878689.00,94126.00
37183,1,62,74,2021,A,1,3,412379.00,141387.00
37183,2,10,71,2021,A,72,40046,2399931384.00,59929.00
37183,2,102,72,2021,A,72,40046,2399931384.00,59929.00
37183,2,1025,73,2021,A,7,0,-,-
37183,3,10,71,2021,A,255,34615,1880682534.00,54332.00
37183,3,102,72,2021,A,255,34615,1880682534.00,54332.00
37183,3,1021,73,2021,A,28,549,34389789.00,62650.00
37183,3,1023,73,2021,A,1,0,-,-
37183,3,1025,73,2021,A,203,20600,1069066837.00,51898.00
37183,5,10,71,2021,A,40971,502187,35586957339.00,70864.00
37183,5,101,72,2021,A,4614,60119,4883239946.00,81227.00
37183,5,102,72,2021,A,36358,442068,30703717393.00,69455.00
37183,5,1021,73,2021,A,6605,108713,5986389932.00,55066.00
37183,5,1023,73,2021,A,4503,35480,3571874497.00,100673.00
37183,5,1024,73,2021,A,12340,123469,11481499989.00,92991.00
37183,5,1025,73,2021,A,4492,75474,4636736525.00,61435.00
37183,5,54,74,2021,A,8936,68330,8124959685.00,118908.00
37183,5,541,75,2021,A,8936,68330,8124959685.00,118908.00
37183,5,62,74,2021,A,3741,64914,4162053147.00,64116.00
37183,0,10,70,2022,A,46195,617742,44565262124.00,72142.00
37183,1,10,71,2022,A,83,5803,505845801.00,87175.00
37183,1,102,72,2022,A,83,5803,505845801.00,87175.00
37183,1,1021,73,2022,A,25,2519,194797823.00,77331.00
37183,1,1023,73,2022,A,4,109,12369106.00,113913.00
37183,1,1024,73,2022,A,2,51,5103190.00,99413.00
37183,1,1025,73,2022,A,1,3,445644.00,140730.00
37183,1,54,74,2022,A,2,51,5103190.00,99413.00
37183,1,541,75,2022,A,2,51,5103190.00,99413.00
37183,1,62,74,2022,A,1,3,445644.00,140730.00
37183,2,10,71,2022,A,81,39076,2499923107.00,63976.00
37183,2,102,72,2022,A,81,39076,2499923107.00,63976.00
37183,2,1024,73,2022,A,2,5,359426.00,75669.00
37183,2,1025,73,2022,A,9,14165,908807931.00,64158.00
37183,3,10,71,2022,A,254,35749,2099209738.00,58720.00
37183,3,102,72,2022,A,254,35749,2099209738.00,58720.00
37183,3,1021,73,2022,A,28,590,39719871.00,67369.00
37183,3,1023,73,2022,A,1,2,261109.00,130555.00
37183,3,1025,73,2022,A,202,21237,1196081897.00,56321.00
37183,3,62,74,2022,A,1,1,35557.00,60955.00
37183,5,10,71,2022,A,45778,537114,39460283478.00,73467.00
37183,5,101,72,2022,A,5057,63729,5451232043.00,85538.00
37183,5,102,72,2022,A,40721,473385,34009051435.00,71842.00
37183,5,1021,73,2022,A,7133,110072,6404513632.00,58185.00
37183,5,1023,73,2022,A,5015,38067,3967487523.00,104223.00
37183,5,1024,73,2022,A,14252,137141,12704998753.00,92642.00
37183,5,1025,73,2022,A,4998,79107,5170311303.00,65359.00
37183,5,54,74,2022,A,10450,76467,8675768279.00,113458.00
37183,5,541,75,2022,A,10450,76467,8675768279.00,113458.00
37183,5,62,74,2022,A,4160,67871,4641348416.00,68385.00
37183,0,10,70,2023,A,50438,639870,47404598045.00,74085.00
37183,1,10,71,2023,A,84,6121,553627582.00,90455.00
37183,1,102,72,2023,A,84,6121,553627582.00,90455.00
37183,1,1021,73,2023,A,29,2604,197236129.00,75744.00
37183,1,1023,73,2023,A,4,111,14360807.00,129280.00
37183,1,1024,73,2023,A,2,116,12590864.00,108933.00
37183,1,1025,73,2023,A,1,3,434121.00,162795.00
37183,1,54,74,2023,A,2,116,12590864.00,108933.00
37183,1,541,75,2023,A,2,116,12590864.00,108933.00
37183,1,62,74,2023,A,1,3,434121.00,162795.00
37183,2,10,71,2023,A,86,40057,2676595689.00,66820.00
37183,2,102,72,2023,A,86,40057,2676595689.00,66820.00
37183,2,1024,73,2023,A,2,6,418289.00,71707.00
37183,2,1025,73,2023,A,10,14645,974916157.00,66571.00
37183,3,10,71,2023,A,260,37729,2209358903.00,58559.00
37183,3,102,72,2023,A,260,37729,2209358903.00,58559.00
37183,3,1021,73,2023,A,29,665,47630417.00,71652.00
37183,3,1023,73,2023,A,1,2,357954.00,148119.00
37183,3,1025,73,2023,A,207,21942,1197635344.00,54582.00
37183,3,62,74,2023,A,1,1,62056.00,62056.00
37183,5,10,71,2023,A,50008,555964,41965015871.00,75482.00
37183,5,101,72,2023,A,5421,67681,6020538191.00,88955.00
37183,5,102,72,2023,A,44587,488283,35944477680.00,73614.00
37183,5,1021,73,2023,A,7619,112173,6761529066.00,60278.00
37183,5,1023,73,2023,A,5417,39466,4103555209.00,103977.00
37183,5,1024,73,2023,A,15796,136490,12859194117.00,94214.00
37183,5,1025,73,2023,A,5457,84072,5506744623.00,65501.00
37183,5,54,74,2023,A,11636,77266,8698460293.00,112578.00
37183,5,541,75,2023,A,11636,77266,8698460293.00,112578.00
37183,5,62,74,2023,A,4531,72089,4932555921.00,68423.00
