label_grouping,santa_clara_county_californiatotalestimate,santa_clara_county_californiamaleestimate,santa_clara_county_californiafemaleestimate,santa_clara_county_californiamedian_earnings_dollarsestimate,santa_clara_county_californiamedian_earnings_dollars_for_maleestimate,santa_clara_county_californiamedian_earnings_dollars_for_femaleestimate,montgomery_county_marylandtotalestimate,montgomery_county_marylandmaleestimate,montgomery_county_marylandfemaleestimate,montgomery_county_marylandmedian_earnings_dollarsestimate,montgomery_county_marylandmedian_earnings_dollars_for_maleestimate,montgomery_county_marylandmedian_earnings_dollars_for_femaleestimate,wake_county_north_carolinatotalestimate,wake_county_north_carolinamaleestimate,wake_county_north_carolinafemaleestimate,wake_county_north_carolinamedian_earnings_dollarsestimate,wake_county_north_carolinamedian_earnings_dollars_for_maleestimate,wake_county_north_carolinamedian_earnings_dollars_for_femaleestimate,davidson_county_tennesseetotalestimate,davidson_county_tennesseemaleestimate,davidson_county_tennesseefemaleestimate,davidson_county_tennesseemedian_earnings_dollarsestimate,davidson_county_tennesseemedian_earnings_dollars_for_maleestimate,davidson_county_tennesseemedian_earnings_dollars_for_femaleestimate,dallas_county_texastotalestimate,dallas_county_texasmaleestimate,dallas_county_texasfemaleestimate,dallas_county_texasmedian_earnings_dollarsestimate,dallas_county_texasmedian_earnings_dollars_for_maleestimate,dallas_county_texasmedian_earnings_dollars_for_femaleestimate,fairfax_county_virginiatotalestimate,fairfax_county_virginiamaleestimate,fairfax_county_virginiafemaleestimate,fairfax_county_virginiamedian_earnings_dollarsestimate,fairfax_county_virginiamedian_earnings_dollars_for_maleestimate,fairfax_county_virginiamedian_earnings_dollars_for_femaleestimate,loudoun_county_virginiatotalestimate,loudoun_county_virginiamaleestimate,loudoun_county_virginiafemaleestimate,loudoun_county_virginiamedian_earnings_dollarsestimate,loudoun_county_virginiamedian_earnings_dollars_for_maleestimate,loudoun_county_virginiamedian_earnings_dollars_for_femaleestimate
Civilian employed population 16 years and over,"834,009",55.30%,44.70%,"47,284","56,137","40,341","523,864",51.30%,48.70%,"48,289","56,201","40,849","448,710",52.90%,47.10%,"37,363","44,269","32,211","303,923",51.30%,48.70%,"30,333","31,828","27,291","1,107,409",54.70%,45.30%,"30,349","31,642","27,335","582,131",53.30%,46.70%,"52,626","65,024","45,389","169,495",53.60%,46.40%,"58,059","79,292","42,929"
"Management, business, science, and arts occupations:","420,630",56.70%,43.30%,"81,420","99,045","64,600","291,351",50.70%,49.30%,"75,777","91,444","62,085","220,354",50.40%,49.60%,"54,180","67,763","44,639","113,936",47.00%,53.00%,"46,176","52,657","41,712","360,413",47.30%,52.70%,"51,824","61,423","46,719","319,193",54.00%,46.00%,"82,816","100,890","68,152","95,320",54.50%,45.50%,"81,377","102,242","60,917"
"Management, business, and financial occupations:","162,960",55.00%,45.00%,"88,134","101,985","70,255","111,924",53.40%,46.60%,"81,776","98,769","69,663","86,935",55.30%,44.70%,"60,996","71,205","51,765","41,248",52.30%,47.70%,"53,036","60,998","46,911","156,591",50.30%,49.70%,"56,671","65,778","50,688","140,171",55.50%,44.50%,"91,143","107,126","76,047","44,427",58.60%,41.40%,"97,171","111,621","67,531"
Management occupations,"109,687",61.60%,38.40%,"100,427","111,920","78,924","72,606",57.40%,42.60%,"91,904","102,519","76,423","58,091",61.00%,39.00%,"69,117","79,571","59,159","26,506",57.00%,43.00%,"60,955","66,060","53,735","91,165",56.70%,43.30%,"61,434","68,298","54,180","89,303",59.80%,40.20%,"101,064","116,319","81,272","28,539",65.20%,34.80%,"101,966","115,078","72,342"
Business and financial operations occupations,"53,273",41.40%,58.60%,"68,967","88,185","60,581","39,318",46.10%,53.90%,"68,581","73,930","65,848","28,844",43.80%,56.20%,"50,924","55,980","45,676","14,742",43.90%,56.10%,"45,196","50,632","41,444","65,426",41.20%,58.80%,"52,073","61,686","47,130","50,868",48.00%,52.00%,"77,133","91,987","67,042","15,888",46.80%,53.20%,"78,162","105,475","61,629"
"Computer, engineering, and science occupations:","138,899",77.00%,23.00%,"96,717","101,041","80,272","63,595",67.70%,32.30%,"85,622","91,686","76,323","47,702",73.40%,26.60%,"72,762","76,987","58,140","14,540",70.70%,29.30%,"53,744","57,266","50,842","52,779",72.50%,27.50%,"63,706","70,003","55,250","80,328",74.00%,26.00%,"96,789","100,533","91,078","25,798",74.40%,25.60%,"100,636","101,884","91,816"
Computer and mathematical occupations,"75,272",76.50%,23.50%,"100,434","101,876","85,427","30,770",70.30%,29.70%,"87,220","89,038","83,821","27,180",75.50%,24.50%,"77,063","81,290","69,153","8,323",72.90%,27.10%,"59,534","63,384","55,948","30,952",72.50%,27.50%,"68,901","72,847","56,277","56,250",71.70%,28.30%,"94,143","96,355","91,763","18,459",73.70%,26.30%,"102,026","104,123","99,383"
Architecture and engineering occupations,"51,228",83.00%,17.00%,"97,956","100,858","75,951","12,897",80.40%,19.60%,"88,049","94,108","68,271","11,469",84.10%,15.90%,"70,621","78,469","54,730","3,408",91.00%,9.00%,"54,861","60,059","41,120","17,071",79.50%,20.50%,"59,595","63,966","49,606","15,051",81.50%,18.50%,"100,620","106,034","81,175","5,733",85.20%,14.80%,"94,036","99,261","66,952"
"Life, physical, and social science occupations","12,399",55.10%,44.90%,"64,275","72,042","58,955","19,928",55.40%,44.60%,"82,163","95,883","65,663","9,053",53.60%,46.40%,"54,078","58,612","52,611","2,809",39.80%,60.20%,"45,594","46,748","42,301","4,756",47.80%,52.20%,"52,309","55,727","51,202","9,027",75.10%,24.90%,"102,136","110,236","97,021","1,606",44.00%,56.00%,"80,112","100,935","60,882"
"Education, legal, community service, arts, and media occupations:","82,427",37.60%,62.40%,"45,967","55,347","41,656","82,828",41.40%,58.60%,"57,744","76,894","50,241","58,287",36.00%,64.00%,"37,303","46,818","32,539","37,720",45.10%,54.90%,"32,823","37,952","29,434","107,475",37.80%,62.20%,"44,415","50,033","41,333","75,650",37.90%,62.10%,"58,438","72,402","51,284","18,470",31.70%,68.30%,"50,840","71,132","40,984"
Community and social services occupations,"10,262",28.10%,71.90%,"47,639","53,884","44,002","8,989",36.00%,64.00%,"50,379","50,371","50,385","9,052",39.20%,60.80%,"36,829","35,232","38,486","5,160",42.40%,57.60%,"32,754","36,062","27,579","12,729",44.70%,55.30%,"40,287","40,557","37,489","8,046",32.20%,67.80%,"44,456","50,223","42,164","2,176",22.90%,77.10%,"59,593","85,719","51,929"
Legal occupations,"10,473",52.10%,47.90%,"93,836","141,075","72,384","17,880",59.80%,40.20%,"128,188","146,929","105,191","7,039",40.20%,59.80%,"61,016","105,163","44,602","3,691",56.00%,44.00%,"49,876","122,101","41,398","17,579",46.60%,53.40%,"72,424","120,757","52,799","20,167",57.00%,43.00%,"111,504","122,157","101,117","1,698",50.90%,49.10%,"94,458","128,877","44,595"
"Education, training, and library occupations","44,847",32.10%,67.90%,"40,509","45,512","36,639","37,411",30.50%,69.50%,"47,193","56,900","40,902","31,055",26.90%,73.10%,"33,297","42,323","29,337","18,774",30.90%,69.10%,"31,244","37,406","30,297","55,265",25.80%,74.20%,"42,441","48,399","40,931","33,158",23.70%,76.30%,"47,395","55,562","40,535","9,810",20.30%,79.70%,"40,663","55,150","34,583"
"Arts, design, entertainment, sports, and media occupations","16,845",49.30%,50.70%,"46,653","53,075","38,980","18,548",48.10%,51.90%,"51,578","60,603","47,367","11,141",56.00%,44.00%,"39,901","48,079","12,441","10,095",68.90%,31.10%,"28,528","31,680","26,033","21,902",57.00%,43.00%,"40,222","42,000","36,315","14,279",47.00%,53.00%,"56,328","56,009","56,596","4,786",52.10%,47.90%,"61,063","70,268","51,138"
Healthcare practitioner and technical occupations:,"36,344",29.60%,70.40%,"80,630","89,660","77,367","33,004",31.80%,68.20%,"68,512","91,796","60,682","27,430",25.60%,74.40%,"51,832","69,049","47,824","20,428",23.10%,76.90%,"50,905","82,426","47,637","43,568",29.40%,70.60%,"51,904","61,460","47,801","23,044",28.50%,71.50%,"70,736","121,867","61,830","6,625",12.70%,87.30%,"58,104","62,011","57,841"
Health diagnosing and treating practitioners and other technical occupations,"28,191",29.90%,70.10%,"91,512","102,074","90,315","26,199",30.90%,69.10%,"77,213","118,187","66,330","19,183",26.70%,73.30%,"60,423","93,775","55,828","14,434",25.10%,74.90%,"60,354","131,454","52,982","29,217",31.20%,68.80%,"61,860","90,185","59,147","18,852",31.10%,68.90%,"81,371","145,696","70,200","4,153",11.80%,88.20%,"65,354","125,161","62,853"
Health technologists and technicians,"8,153",28.50%,71.50%,"51,137","49,304","51,439","6,805",35.20%,64.80%,"43,691","45,786","40,390","8,247",23.10%,76.90%,"37,141","45,735","36,469","5,994",18.50%,81.50%,"30,812","37,617","30,053","14,351",25.60%,74.40%,"31,775","41,026","30,655","4,192",16.60%,83.40%,"36,052","26,856","36,510","2,472",14.20%,85.80%,"42,156","31,305","48,211"
Service occupations:,"118,361",45.50%,54.50%,"19,094","21,586","16,382","78,315",42.70%,57.30%,"19,543","22,575","16,312","62,559",46.10%,53.90%,"16,429","21,207","13,926","56,016",43.70%,56.30%,"17,170","20,358","15,641","191,738",46.80%,53.20%,"16,489","20,342","13,651","91,713",45.60%,54.40%,"21,884","26,280","20,149","19,860",49.40%,50.60%,"23,825","28,810","19,104"
Healthcare support occupations,"12,390",16.50%,83.50%,"27,396","25,785","30,182","7,193",21.30%,78.70%,"25,068","37,352","23,004","6,139",10.00%,90.00%,"20,505","27,464","20,018","5,526",7.90%,92.10%,"25,678","23,585","25,857","20,631",14.60%,85.40%,"22,176","30,579","21,507","6,501",18.40%,81.60%,"28,402","33,902","27,816","1,077",10.90%,89.10%,"21,239",-,"21,857"
Protective service occupations:,"8,962",75.30%,24.70%,"35,651","34,611","37,682","8,085",74.40%,25.60%,"30,569","30,756","30,040","7,593",68.60%,31.40%,"41,384","43,873","33,718","5,832",67.20%,32.80%,"27,824","30,231","21,178","16,867",71.70%,28.30%,"32,396","33,115","31,348","11,419",75.10%,24.90%,"75,364","77,770","68,768","3,405",81.10%,18.90%,"80,875","85,404","73,949"
"Fire fighting and prevention, and other protective service workers including supervisors","6,879",77.50%,22.50%,"26,320","27,832","20,640","6,058",73.40%,26.60%,"25,339","25,962","11,966","4,047",66.30%,33.70%,"36,485","41,950","33,268","3,481",68.10%,31.90%,"13,299","14,260","7,115","9,849",73.40%,26.60%,"26,142","26,487","25,141","6,811",76.40%,23.60%,"62,364","61,239","68,891","1,965",79.90%,20.10%,"64,240","63,376","80,230"
Law enforcement workers including supervisors,"2,083",68.20%,31.80%,"81,303","86,729","76,514","2,027",77.70%,22.30%,"85,689","81,707","86,520","3,546",71.20%,28.80%,"44,313","44,759","34,803","2,351",66.00%,34.00%,"34,863","40,094","33,630","7,018",69.20%,30.80%,"41,603","46,711","38,324","4,608",73.10%,26.90%,"86,826","91,042","68,732","1,440",82.60%,17.40%,"86,309","86,632","73,225"
Food preparation and serving related occupations,"36,678",51.70%,48.30%,"15,834","19,512","12,300","23,174",53.50%,46.50%,"17,763","19,370","15,872","22,073",50.50%,49.50%,"11,963","14,165","10,814","20,919",47.00%,53.00%,"15,911","18,476","13,275","64,498",52.10%,47.90%,"14,676","17,432","12,018","32,089",54.70%,45.30%,"17,248","21,073","15,369","6,618",41.80%,58.20%,"18,055","21,102","15,617"
Building and grounds cleaning and maintenance occupations,"27,886",64.90%,35.10%,"20,583","24,392","16,008","18,791",44.40%,55.60%,"17,263","21,031","15,530","13,501",62.10%,37.90%,"17,081","21,546","12,640","12,280",58.10%,41.90%,"15,914","20,139","13,604","58,409",56.90%,43.10%,"16,058","18,686","12,258","21,944",51.20%,48.80%,"25,144","26,033","21,499","3,994",63.00%,37.00%,"28,623","29,139","21,882"
Personal care and service occupations,"32,445",24.50%,75.50%,"15,976","19,442","14,956","21,072",24.60%,75.40%,"18,800","31,439","16,335","13,253",26.20%,73.80%,"11,995","11,485","12,229","11,459",27.40%,72.60%,"15,375","21,971","11,856","31,333",24.70%,75.30%,"13,576","20,153","12,533","19,760",16.80%,83.20%,"19,582","19,308","19,647","4,766",34.50%,65.50%,"12,196","21,188","11,010"
Sales and office occupations:,"175,131",39.20%,60.80%,"31,999","37,016","29,743","100,347",39.50%,60.50%,"32,799","40,776","30,654","109,051",44.30%,55.70%,"30,877","36,656","27,481","81,490",40.90%,59.10%,"27,170","30,852","25,919","280,276",39.30%,60.70%,"27,819","32,043","25,578","111,965",38.90%,61.10%,"36,732","43,651","32,393","37,778",41.20%,58.80%,"37,158","50,515","31,736"
Sales and related occupations,"82,848",49.90%,50.10%,"26,978","40,823","19,585","42,679",52.10%,47.90%,"30,693","45,713","17,381","58,293",55.90%,44.10%,"30,687","40,348","20,852","34,087",54.10%,45.90%,"30,609","35,561","22,248","118,316",51.30%,48.70%,"25,806","36,424","18,241","49,077",50.80%,49.20%,"30,405","45,517","16,509","17,342",49.70%,50.30%,"31,324","60,674","19,598"
Office and administrative support occupations,"92,283",29.50%,70.50%,"35,633","31,575","36,379","57,668",30.20%,69.80%,"34,525","36,605","34,050","50,758",30.80%,69.20%,"31,026","31,558","30,768","47,403",31.40%,68.60%,"26,485","26,222","26,602","161,960",30.40%,69.60%,"28,901","30,266","28,371","62,888",29.60%,70.40%,"40,650","42,162","40,034","20,436",34.00%,66.00%,"38,468","42,981","37,416"
"Natural resources, construction, and maintenance occupations:","55,685",94.90%,5.10%,"32,179","34,214","16,044","29,453",97.40%,2.60%,"33,674","33,835","15,759","26,400",94.30%,5.70%,"26,497","26,707","26,067","23,936",94.60%,5.40%,"22,908","23,743","11,920","130,357",97.90%,2.10%,"23,527","23,560","21,374","31,625",97.40%,2.60%,"32,248","32,226","40,779","7,907",98.00%,2.00%,"42,464","42,464","42,463"
"Farming, fishing, and forestry occupations","2,832",73.80%,26.20%,"16,520","16,071","16,812",193,100.00%,0.00%,"29,150","29,150",-,612,73.20%,26.80%,"6,982","6,451","16,990",540,37.80%,62.20%,"11,321","15,943","4,643","1,611",97.00%,3.00%,"17,134","16,895",-,451,71.40%,28.60%,"23,842","21,204","24,871",463,96.80%,3.20%,"31,079","31,155",-
Construction and extraction occupations,"34,828",98.10%,1.90%,"31,298","31,570","13,717","21,256",97.70%,2.30%,"30,432","30,935","13,212","17,360",95.40%,4.60%,"20,867","20,757","27,623","16,963",96.20%,3.80%,"20,982","21,021","14,464","88,883",98.40%,1.60%,"21,563","21,612","14,923","21,440",97.60%,2.40%,"31,176","31,156","32,057","4,891",98.40%,1.60%,"40,548","40,138",-
"Installation, maintenance, and repair occupations","18,025",92.10%,7.90%,"41,444","42,626","19,442","8,004",96.40%,3.60%,"39,818","39,065","63,945","8,428",93.50%,6.50%,"38,493","39,659","26,077","6,433",95.40%,4.60%,"36,026","36,903","18,273","39,863",97.00%,3.00%,"33,633","33,783","29,619","9,734",98.20%,1.80%,"40,836","40,625","63,674","2,553",97.40%,2.60%,"51,921","52,231",-
"Production, transportation, and material moving occupations:","64,202",74.00%,26.00%,"30,227","30,861","27,269","24,398",79.90%,20.10%,"26,674","29,748","16,382","30,346",80.10%,19.90%,"27,413","29,294","23,097","28,545",76.50%,23.50%,"26,173","27,737","20,665","144,625",74.40%,25.60%,"24,963","27,671","19,192","27,635",77.50%,22.50%,"28,686","30,798","23,131","8,630",68.00%,32.00%,"31,782","40,126","20,573"
Production occupations,"37,986",66.70%,33.30%,"32,908","35,307","30,082","8,771",71.20%,28.80%,"31,486","34,483","21,954","12,383",75.90%,24.10%,"33,808","40,753","24,475","12,549",62.20%,37.80%,"25,226","30,339","20,217","68,759",64.20%,35.80%,"23,693","26,554","19,769","9,646",73.20%,26.80%,"35,292","40,813","16,981","2,150",64.00%,36.00%,"42,194","50,446","33,526"
Transportation occupations,"16,395",85.70%,14.30%,"30,857","30,822","31,070","11,182",90.50%,9.50%,"27,391","29,438","12,799","11,989",80.10%,19.90%,"25,886","26,234","25,496","8,132",89.70%,10.30%,"30,401","30,781","28,494","41,603",87.10%,12.90%,"32,484","35,327","21,116","13,946",78.60%,21.40%,"28,709","29,511","26,415","4,774",68.40%,31.60%,"33,200","40,800","20,705"
Material moving occupations,"9,821",82.90%,17.10%,"22,158","23,542","16,047","4,445",70.60%,29.40%,"15,802","19,764","8,832","5,974",88.90%,11.10%,"17,526","20,516","14,331","7,864",85.70%,14.30%,"22,071","25,146","18,731","34,263",79.70%,20.30%,"20,452","21,382","16,079","4,043",84.10%,15.90%,"12,267","11,574","18,485","1,706",72.00%,28.00%,"16,879","20,046","16,457"
PERCENT IMPUTED,,,,,,,,,,,,,,,,,,,,,,,,,,,,,,,,,,,,,,,,,,
Civilian employed population 16 years and over,"967,374","538,173",55.60%,"429,201",44.40%,"555,886","286,622",51.60%,"269,264",48.40%,"528,812","280,575",53.10%,"248,237",46.90%,"363,716","187,534",51.60%,"176,182",48.40%,"1,254,419","684,743",54.60%,"569,676",45.40%,"613,246","326,241",53.20%,"287,005",46.80%,"203,967","109,953",53.90%,"94,014",46.10%,,,,,,,
"Management, business, science, and arts occupations:","504,290","284,719",56.50%,"219,571",43.50%,"309,332","156,921",50.70%,"152,411",49.30%,"258,535","130,332",50.40%,"128,203",49.60%,"145,072","66,485",45.80%,"78,587",54.20%,"422,547","203,701",48.20%,"218,846",51.80%,"336,897","180,103",53.50%,"156,794",46.50%,"115,638","62,926",54.40%,"52,712",45.60%,,,,,,,
"Management, business, and financial occupations:","195,924","106,315",54.30%,"89,609",45.70%,"125,409","67,932",54.20%,"57,477",45.80%,"109,845","60,340",54.90%,"49,505",45.10%,"56,966","28,325",49.70%,"28,641",50.30%,"191,478","100,865",52.70%,"90,613",47.30%,"149,227","80,785",54.10%,"68,442",45.90%,"54,177","30,957",57.10%,"23,220",42.90%,,,,,,,
Management occupations,"134,156","81,315",60.60%,"52,841",39.40%,"79,912","46,414",58.10%,"33,498",41.90%,"72,690","44,007",60.50%,"28,683",39.50%,"35,908","18,431",51.30%,"17,477",48.70%,"115,945","68,506",59.10%,"47,439",40.90%,"95,640","55,003",57.50%,"40,637",42.50%,"35,445","22,433",63.30%,"13,012",36.70%,,,,,,,
Business and financial operations occupations,"61,768","25,000",40.50%,"36,768",59.50%,"45,497","21,518",47.30%,"23,979",52.70%,"37,155","16,333",44.00%,"20,822",56.00%,"21,058","9,894",47.00%,"11,164",53.00%,"75,533","32,359",42.80%,"43,174",57.20%,"53,587","25,782",48.10%,"27,805",51.90%,"18,732","8,524",45.50%,"10,208",54.50%,,,,,,,
"Computer, engineering, and science occupations:","175,129","133,064",76.00%,"42,065",24.00%,"69,405","46,479",67.00%,"22,926",33.00%,"60,005","44,744",74.60%,"15,261",25.40%,"16,331","11,167",68.40%,"5,164",31.60%,"63,081","45,557",72.20%,"17,524",27.80%,"83,102","60,197",72.40%,"22,905",27.60%,"32,817","24,071",73.30%,"8,746",26.70%,,,,,,,
Computer and mathematical occupations,"104,138","80,650",77.40%,"23,488",22.60%,"33,165","23,918",72.10%,"9,247",27.90%,"37,018","29,592",79.90%,"7,426",20.10%,"9,483","6,728",70.90%,"2,755",29.10%,"40,419","28,923",71.60%,"11,496",28.40%,"61,284","43,919",71.70%,"17,365",28.30%,"24,447","17,587",71.90%,"6,860",28.10%,,,,,,,
Architecture and engineering occupations,"56,358","45,211",80.20%,"11,147",19.80%,"13,466","10,939",81.20%,"2,527",18.80%,"13,024","10,441",80.20%,"2,583",19.80%,"4,235","3,254",76.80%,981,23.20%,"16,030","13,241",82.60%,"2,789",17.40%,"13,807","11,376",82.40%,"2,431",17.60%,"5,743","4,874",84.90%,869,15.10%,,,,,,,
"Life, physical, and social science occupations","14,633","7,203",49.20%,"7,430",50.80%,"22,774","11,622",51.00%,"11,152",49.00%,"9,963","4,711",47.30%,"5,252",52.70%,"2,613","1,185",45.40%,"1,428",54.60%,"6,632","3,393",51.20%,"3,239",48.80%,"8,011","4,902",61.20%,"3,109",38.80%,"2,627","1,610",61.30%,"1,017",38.70%,,,,,,,
"Education, legal, community service, arts, and media occupations:","94,956","36,158",38.10%,"58,798",61.90%,"83,719","32,663",39.00%,"51,056",61.00%,"61,090","18,353",30.00%,"42,737",70.00%,"48,759","19,997",41.00%,"28,762",59.00%,"113,989","41,389",36.30%,"72,600",63.70%,"76,722","31,283",40.80%,"45,439",59.20%,"21,242","6,373",30.00%,"14,869",70.00%,,,,,,,
Community and social services occupations,"11,673","4,264",36.50%,"7,409",63.50%,"10,730","3,457",32.20%,"7,273",67.80%,"7,721","2,228",28.90%,"5,493",71.10%,"6,548","2,618",40.00%,"3,930",60.00%,"14,081","5,346",38.00%,"8,735",62.00%,"7,959","3,103",39.00%,"4,856",61.00%,"1,455",537,36.90%,918,63.10%,,,,,,,
Legal occupations,"11,022","5,295",48.00%,"5,727",52.00%,"16,869","9,856",58.40%,"7,013",41.60%,"6,048","2,795",46.20%,"3,253",53.80%,"5,419","2,497",46.10%,"2,922",53.90%,"16,784","9,134",54.40%,"7,650",45.60%,"17,290","11,361",65.70%,"5,929",34.30%,"3,149","1,207",38.30%,"1,942",61.70%,,,,,,,
"Education, training, and library occupations","51,693","14,773",28.60%,"36,920",71.40%,"36,132","10,204",28.20%,"25,928",71.80%,"36,606","8,229",22.50%,"28,377",77.50%,"22,820","5,870",25.70%,"16,950",74.30%,"56,933","14,384",25.30%,"42,549",74.70%,"35,774","10,002",28.00%,"25,772",72.00%,"11,689","2,170",18.60%,"9,519",81.40%,,,,,,,
"Arts, design, entertainment, sports, and media occupations","20,568","11,826",57.50%,"8,742",42.50%,"19,988","9,146",45.80%,"10,842",54.20%,"10,715","5,101",47.60%,"5,614",52.40%,"13,972","9,012",64.50%,"4,960",35.50%,"26,191","12,525",47.80%,"13,666",52.20%,"15,699","6,817",43.40%,"8,882",56.60%,"4,949","2,459",49.70%,"2,490",50.30%,,,,,,,
Healthcare practitioner and technical occupations:,"38,281","9,182",24.00%,"29,099",76.00%,"30,799","9,847",32.00%,"20,952",68.00%,"27,595","6,895",25.00%,"20,700",75.00%,"23,016","6,996",30.40%,"16,020",69.60%,"53,999","15,890",29.40%,"38,109",70.60%,"27,846","7,838",28.10%,"20,008",71.90%,"7,402","1,525",20.60%,"5,877",79.40%,,,,,,,
Health diagnosing and treating practitioners and other technical occupations,"28,852","6,861",23.80%,"21,991",76.20%,"23,402","8,010",34.20%,"15,392",65.80%,"19,612","4,761",24.30%,"14,851",75.70%,"18,064","5,071",28.10%,"12,993",71.90%,"36,846","11,741",31.90%,"25,105",68.10%,"21,491","6,765",31.50%,"14,726",68.50%,"5,514",945,17.10%,"4,569",82.90%,,,,,,,
Health technologists and technicians,"9,429","2,321",24.60%,"7,108",75.40%,"7,397","1,837",24.80%,"5,560",75.20%,"7,983","2,134",26.70%,"5,849",73.30%,"4,952","1,925",38.90%,"3,027",61.10%,"17,153","4,149",24.20%,"13,004",75.80%,"6,355","1,073",16.90%,"5,282",83.10%,"1,888",580,30.70%,"1,308",69.30%,,,,,,,
Service occupations:,"154,201","64,835",42.00%,"89,366",58.00%,"91,181","36,646",40.20%,"54,535",59.80%,"71,900","31,923",44.40%,"39,977",55.60%,"60,657","27,910",46.00%,"32,747",54.00%,"217,043","91,136",42.00%,"125,907",58.00%,"103,192","44,107",42.70%,"59,085",57.30%,"28,869","12,487",43.30%,"16,382",56.70%,,,,,,,
Healthcare support occupations,"15,209","3,028",19.90%,"12,181",80.10%,"10,032","2,420",24.10%,"7,612",75.90%,"9,339","1,247",13.40%,"8,092",86.60%,"4,385",525,12.00%,"3,860",88.00%,"24,517","3,366",13.70%,"21,151",86.30%,"8,211","1,562",19.00%,"6,649",81.00%,"2,132",174,8.20%,"1,958",91.80%,,,,,,,
Protective service occupations:,"13,275","10,459",78.80%,"2,816",21.20%,"9,331","7,341",78.70%,"1,990",21.30%,"7,918","5,493",69.40%,"2,425",30.60%,"6,884","4,868",70.70%,"2,016",29.30%,"19,124","13,417",70.20%,"5,707",29.80%,"12,678","10,072",79.40%,"2,606",20.60%,"4,833","3,378",69.90%,"1,455",30.10%,,,,,,,
"Fire fighting and prevention, and other protective service workers including supervisors","9,112","7,312",80.20%,"1,800",19.80%,"5,772","4,371",75.70%,"1,401",24.30%,"4,238","3,384",79.80%,854,20.20%,"5,056","3,529",69.80%,"1,527",30.20%,"13,498","9,271",68.70%,"4,227",31.30%,"8,222","6,180",75.20%,"2,042",24.80%,"2,831","1,918",67.70%,913,32.30%,,,,,,,
Law enforcement workers including supervisors,"4,163","3,147",75.60%,"1,016",24.40%,"3,559","2,970",83.50%,589,16.50%,"3,680","2,109",57.30%,"1,571",42.70%,"1,828","1,339",73.20%,489,26.80%,"5,626","4,146",73.70%,"1,480",26.30%,"4,456","3,892",87.30%,564,12.70%,"2,002","1,460",72.90%,542,27.10%,,,,,,,
Food preparation and serving related occupations,"47,720","24,113",50.50%,"23,607",49.50%,"26,584","13,690",51.50%,"12,894",48.50%,"25,672","12,581",49.00%,"13,091",51.00%,"22,332","12,679",56.80%,"9,653",43.20%,"77,672","37,859",48.70%,"39,813",51.30%,"34,074","16,754",49.20%,"17,320",50.80%,"9,052","4,862",53.70%,"4,190",46.30%,,,,,,,
Building and grounds cleaning and maintenance occupations,"35,146","18,045",51.30%,"17,101",48.70%,"22,688","7,873",34.70%,"14,815",65.30%,"15,251","8,828",57.90%,"6,423",42.10%,"12,206","5,940",48.70%,"6,266",51.30%,"55,904","26,944",48.20%,"28,960",51.80%,"21,929","11,316",51.60%,"10,613",48.40%,"4,703","1,854",39.40%,"2,849",60.60%,,,,,,,
Personal care and service occupations,"42,851","9,190",21.40%,"33,661",78.60%,"22,546","5,322",23.60%,"17,224",76.40%,"13,720","3,774",27.50%,"9,946",72.50%,"14,850","3,898",26.20%,"10,952",73.80%,"39,826","9,550",24.00%,"30,276",76.00%,"26,300","4,403",16.70%,"21,897",83.30%,"8,149","2,219",27.20%,"5,930",72.80%,,,,,,,
Sales and office occupations:,"172,746","75,125",43.50%,"97,621",56.50%,"96,424","39,664",41.10%,"56,760",58.90%,"125,447","55,753",44.40%,"69,694",55.60%,"86,837","34,722",40.00%,"52,115",60.00%,"305,813","122,102",39.90%,"183,711",60.10%,"110,523","47,636",43.10%,"62,887",56.90%,"39,086","17,080",43.70%,"22,006",56.30%,,,,,,,
Sales and related occupations,"83,478","44,300",53.10%,"39,178",46.90%,"45,810","23,687",51.70%,"22,123",48.30%,"67,219","38,576",57.40%,"28,643",42.60%,"36,091","18,337",50.80%,"17,754",49.20%,"137,094","66,827",48.70%,"70,267",51.30%,"50,556","26,478",52.40%,"24,078",47.60%,"18,649","10,048",53.90%,"8,601",46.10%,,,,,,,
Office and administrative support occupations,"89,268","30,825",34.50%,"58,443",65.50%,"50,614","15,977",31.60%,"34,637",68.40%,"58,228","17,177",29.50%,"41,051",70.50%,"50,746","16,385",32.30%,"34,361",67.70%,"168,719","55,275",32.80%,"113,444",67.20%,"59,967","21,158",35.30%,"38,809",64.70%,"20,437","7,032",34.40%,"13,405",65.60%,,,,,,,
"Natural resources, construction, and maintenance occupations:","61,531","59,298",96.40%,"2,233",3.60%,"32,922","32,187",97.80%,735,2.20%,"37,370","34,867",93.30%,"2,503",6.70%,"28,282","27,356",96.70%,926,3.30%,"142,722","139,126",97.50%,"3,596",2.50%,"33,906","32,447",95.70%,"1,459",4.30%,"8,581","7,953",92.70%,628,7.30%,,,,,,,
"Farming, fishing, and forestry occupations","3,197","2,370",74.10%,827,25.90%,899,840,93.40%,59,6.60%,"1,122",777,69.30%,345,30.70%,0,0,-,0,-,"2,575","1,973",76.60%,602,23.40%,541,253,46.80%,288,53.20%,225,94,41.80%,131,58.20%,,,,,,,
Construction and extraction occupations,"36,989","36,302",98.10%,687,1.90%,"24,702","24,301",98.40%,401,1.60%,"24,852","23,327",93.90%,"1,525",6.10%,"18,842","18,240",96.80%,602,3.20%,"102,236","101,077",98.90%,"1,159",1.10%,"22,811","22,117",97.00%,694,3.00%,"4,797","4,656",97.10%,141,2.90%,,,,,,,
"Installation, maintenance, and repair occupations","21,345","20,626",96.60%,719,3.40%,"7,321","7,046",96.20%,275,3.80%,"11,396","10,763",94.40%,633,5.60%,"9,440","9,116",96.60%,324,3.40%,"37,911","36,076",95.20%,"1,835",4.80%,"10,554","10,077",95.50%,477,4.50%,"3,559","3,203",90.00%,356,10.00%,,,,,,,
"Production, transportation, and material moving occupations:","74,606","54,196",72.60%,"20,410",27.40%,"26,027","21,204",81.50%,"4,823",18.50%,"35,560","27,700",77.90%,"7,860",22.10%,"42,868","31,061",72.50%,"11,807",27.50%,"166,294","128,678",77.40%,"37,616",22.60%,"28,728","21,948",76.40%,"6,780",23.60%,"11,793","9,507",80.60%,"2,286",19.40%,,,,,,,
Production occupations,"42,819","28,056",65.50%,"14,763",34.50%,"8,847","6,019",68.00%,"2,828",32.00%,"13,721","9,329",68.00%,"4,392",32.00%,"17,131","10,134",59.20%,"6,997",40.80%,"68,416","47,520",69.50%,"20,896",30.50%,"8,978","5,761",64.20%,"3,217",35.80%,"3,794","2,180",57.50%,"1,614",42.50%,,,,,,,
Transportation occupations,"18,420","15,255",82.80%,"3,165",17.20%,"13,403","12,160",90.70%,"1,243",9.30%,"14,950","12,091",80.90%,"2,859",19.10%,"11,402","9,951",87.30%,"1,451",12.70%,"49,209","44,003",89.40%,"5,206",10.60%,"14,768","12,531",84.90%,"2,237",15.10%,"5,346","4,736",88.60%,610,11.40%,,,,,,,
Civilian employed population 16 years and over,"1,003,304","560,555",55.90%,"442,749",44.10%,"559,029","287,272",51.40%,"271,757",48.60%,"579,420","302,907",52.30%,"276,513",47.70%,"383,444","194,858",50.80%,"188,586",49.20%,"1,315,440","712,370",54.20%,"603,070",45.80%,"611,782","325,491",53.20%,"286,291",46.80%,"220,064","118,520",53.90%,"101,544",46.10%,,,,,,,
"Management, business, science, and arts occupations:","557,191","317,330",57.00%,"239,861",43.00%,"320,180","160,321",50.10%,"159,859",49.90%,"309,554","156,787",50.60%,"152,767",49.40%,"170,940","79,986",46.80%,"90,954",53.20%,"480,246","233,583",48.60%,"246,663",51.40%,"360,066","190,329",52.90%,"169,737",47.10%,"131,832","71,257",54.10%,"60,575",45.90%,,,,,,,
"Management, business, and financial occupations:","200,756","109,319",54.50%,"91,437",45.50%,"122,839","63,719",51.90%,"59,120",48.10%,"131,866","70,679",53.60%,"61,187",46.40%,"68,969","34,395",49.90%,"34,574",50.10%,"217,229","114,551",52.70%,"102,678",47.30%,"156,959","85,398",54.40%,"71,561",45.60%,"59,600","32,330",54.20%,"27,270",45.80%,,,,,,,
Management occupations,"132,889","80,121",60.30%,"52,768",39.70%,"73,873","40,044",54.20%,"33,829",45.80%,"81,413","47,777",58.70%,"33,636",41.30%,"42,959","22,781",53.00%,"20,178",47.00%,"127,735","73,926",57.90%,"53,809",42.10%,"93,405","54,999",58.90%,"38,406",41.10%,"36,490","21,427",58.70%,"15,063",41.30%,,,,,,,
Business and financial operations occupations,"67,867","29,198",43.00%,"38,669",57.00%,"48,966","23,675",48.30%,"25,291",51.70%,"50,453","22,902",45.40%,"27,551",54.60%,"26,010","11,614",44.70%,"14,396",55.30%,"89,494","40,625",45.40%,"48,869",54.60%,"63,554","30,399",47.80%,"33,155",52.20%,"23,110","10,903",47.20%,"12,207",52.80%,,,,,,,
"Computer, engineering, and science occupations:","211,626","158,615",75.00%,"53,011",25.00%,"79,122","52,675",66.60%,"26,447",33.40%,"74,406","53,735",72.20%,"20,671",27.80%,"23,853","16,623",69.70%,"7,230",30.30%,"79,907","58,675",73.40%,"21,232",26.60%,"93,648","65,843",70.30%,"27,805",29.70%,"39,961","29,511",73.80%,"10,450",26.20%,,,,,,,
Computer and mathematical occupations,"128,048","97,382",76.10%,"30,666",23.90%,"40,980","29,397",71.70%,"11,583",28.30%,"46,167","34,205",74.10%,"11,962",25.90%,"13,908","10,336",74.30%,"3,572",25.70%,"51,122","36,928",72.20%,"14,194",27.80%,"67,202","48,069",71.50%,"19,133",28.50%,"30,204","22,106",73.20%,"8,098",26.80%,,,,,,,
Architecture and engineering occupations,"66,382","52,680",79.40%,"13,702",20.60%,"13,583","10,674",78.60%,"2,909",21.40%,"17,454","14,009",80.30%,"3,445",19.70%,"5,522","4,583",83.00%,939,17.00%,"21,164","17,774",84.00%,"3,390",16.00%,"15,654","12,282",78.50%,"3,372",21.50%,"7,163","5,818",81.20%,"1,345",18.80%,,,,,,,
"Life, physical, and social science occupations","17,196","8,553",49.70%,"8,643",50.30%,"24,559","12,604",51.30%,"11,955",48.70%,"10,785","5,521",51.20%,"5,264",48.80%,"4,423","1,704",38.50%,"2,719",61.50%,"7,621","3,973",52.10%,"3,648",47.90%,"10,792","5,492",50.90%,"5,300",49.10%,"2,594","1,587",61.20%,"1,007",38.80%,,,,,,,
"Education, legal, community service, arts, and media occupations:","100,669","37,147",36.90%,"63,522",63.10%,"85,615","33,385",39.00%,"52,230",61.00%,"69,608","24,559",35.30%,"45,049",64.70%,"52,846","22,259",42.10%,"30,587",57.90%,"122,380","43,836",35.80%,"78,544",64.20%,"82,513","31,691",38.40%,"50,822",61.60%,"24,405","7,349",30.10%,"17,056",69.90%,,,,,,,
Community and social service occupations,"11,622","3,848",33.10%,"7,774",66.90%,"10,200","3,951",38.70%,"6,249",61.30%,"10,213","3,140",30.70%,"7,073",69.30%,"6,494","2,019",31.10%,"4,475",68.90%,"15,640","5,878",37.60%,"9,762",62.40%,"8,921","2,989",33.50%,"5,932",66.50%,"2,269",440,19.40%,"1,829",80.60%,,,,,,,
Legal occupations,"11,488","5,104",44.40%,"6,384",55.60%,"18,736","10,142",54.10%,"8,594",45.90%,"8,203","3,682",44.90%,"4,521",55.10%,"6,471","3,071",47.50%,"3,400",52.50%,"18,356","8,932",48.70%,"9,424",51.30%,"16,907","9,952",58.90%,"6,955",41.10%,"2,760","1,735",62.90%,"1,025",37.10%,,,,,,,
"Educational instruction, and library occupations","56,163","17,085",30.40%,"39,078",69.60%,"37,859","10,622",28.10%,"27,237",71.90%,"36,159","9,960",27.50%,"26,199",72.50%,"23,358","7,539",32.30%,"15,819",67.70%,"63,287","16,484",26.00%,"46,803",74.00%,"38,486","10,555",27.40%,"27,931",72.60%,"14,293","2,947",20.60%,"11,346",79.40%,,,,,,,
"Arts, design, entertainment, sports, and media occupations","21,396","11,110",51.90%,"10,286",48.10%,"18,820","8,670",46.10%,"10,150",53.90%,"15,033","7,777",51.70%,"7,256",48.30%,"16,523","9,630",58.30%,"6,893",41.70%,"25,097","12,542",50.00%,"12,555",50.00%,"18,199","8,195",45.00%,"10,004",55.00%,"5,083","2,227",43.80%,"2,856",56.20%,,,,,,,
Healthcare practitioners and technical occupations:,"44,140","12,249",27.80%,"31,891",72.20%,"32,604","10,542",32.30%,"22,062",67.70%,"33,674","7,814",23.20%,"25,860",76.80%,"25,272","6,709",26.50%,"18,563",73.50%,"60,730","16,521",27.20%,"44,209",72.80%,"26,946","7,397",27.50%,"19,549",72.50%,"7,866","2,067",26.30%,"5,799",73.70%,,,,,,,
Health diagnosing and treating practitioners and other technical occupations,"33,094","8,600",26.00%,"24,494",74.00%,"24,721","8,113",32.80%,"16,608",67.20%,"24,508","6,033",24.60%,"18,475",75.40%,"19,161","4,910",25.60%,"14,251",74.40%,"40,825","11,582",28.40%,"29,243",71.60%,"20,424","5,558",27.20%,"14,866",72.80%,"5,881","1,553",26.40%,"4,328",73.60%,,,,,,,
Health technologists and technicians,"11,046","3,649",33.00%,"7,397",67.00%,"7,883","2,429",30.80%,"5,454",69.20%,"9,166","1,781",19.40%,"7,385",80.60%,"6,111","1,799",29.40%,"4,312",70.60%,"19,905","4,939",24.80%,"14,966",75.20%,"6,522","1,839",28.20%,"4,683",71.80%,"1,985",514,25.90%,"1,471",74.10%,,,,,,,
Service occupations:,"143,895","64,231",44.60%,"79,664",55.40%,"82,859","33,238",40.10%,"49,621",59.90%,"73,620","33,020",44.90%,"40,600",55.10%,"59,561","26,589",44.60%,"32,972",55.40%,"218,849","93,995",42.90%,"124,854",57.10%,"88,671","38,100",43.00%,"50,571",57.00%,"28,217","12,470",44.20%,"15,747",55.80%,,,,,,,
Healthcare support occupations,"30,682","6,929",22.60%,"23,753",77.40%,"13,577","2,186",16.10%,"11,391",83.90%,"11,465","1,868",16.30%,"9,597",83.70%,"7,657","1,634",21.30%,"6,023",78.70%,"36,015","5,403",15.00%,"30,612",85.00%,"10,128","2,123",21.00%,"8,005",79.00%,"2,837",528,18.60%,"2,309",81.40%,,,,,,,
Protective service occupations:,"13,125","10,435",79.50%,"2,690",20.50%,"7,879","6,393",81.10%,"1,486",18.90%,"7,619","5,452",71.60%,"2,167",28.40%,"5,342","3,676",68.80%,"1,666",31.20%,"20,640","14,838",71.90%,"5,802",28.10%,"12,223","9,198",75.30%,"3,025",24.70%,"4,833","3,944",81.60%,889,18.40%,,,,,,,
"Firefighting and prevention, and other protective service workers including supervisors","9,628","7,599",78.90%,"2,029",21.10%,"4,632","3,694",79.70%,938,20.30%,"4,350","3,063",70.40%,"1,287",29.60%,"3,779","2,502",66.20%,"1,277",33.80%,"14,673","10,489",71.50%,"4,184",28.50%,"7,254","5,307",73.20%,"1,947",26.80%,"2,538","1,885",74.30%,653,25.70%,,,,,,,
Law enforcement workers including supervisors,"3,497","2,836",81.10%,661,18.90%,"3,247","2,699",83.10%,548,16.90%,"3,269","2,389",73.10%,880,26.90%,"1,563","1,174",75.10%,389,24.90%,"5,967","4,349",72.90%,"1,618",27.10%,"4,969","3,891",78.30%,"1,078",21.70%,"2,295","2,059",89.70%,236,10.30%,,,,,,,
Food preparation and serving related occupations,"44,920","23,922",53.30%,"20,998",46.70%,"23,001","11,344",49.30%,"11,657",50.70%,"26,115","13,334",51.10%,"12,781",48.90%,"24,788","12,096",48.80%,"12,692",51.20%,"72,879","34,485",47.30%,"38,394",52.70%,"28,425","13,950",49.10%,"14,475",50.90%,"8,831","4,143",46.90%,"4,688",53.10%,,,,,,,
Building and grounds cleaning and maintenance occupations,"29,038","17,651",60.80%,"11,387",39.20%,"20,632","9,311",45.10%,"11,321",54.90%,"14,985","9,285",62.00%,"5,700",38.00%,"12,754","7,033",55.10%,"5,721",44.90%,"57,694","30,883",53.50%,"26,811",46.50%,"19,074","9,019",47.30%,"10,055",52.70%,"4,811","2,651",55.10%,"2,160",44.90%,,,,,,,
Personal care and service occupations,"26,130","5,294",20.30%,"20,836",79.70%,"17,770","4,004",22.50%,"13,766",77.50%,"13,436","3,081",22.90%,"10,355",77.10%,"9,020","2,150",23.80%,"6,870",76.20%,"31,621","8,386",26.50%,"23,235",73.50%,"18,821","3,810",20.20%,"15,011",79.80%,"6,905","1,204",17.40%,"5,701",82.60%,,,,,,,
Sales and office occupations:,"164,306","66,758",40.60%,"97,548",59.40%,"91,947","37,729",41.00%,"54,218",59.00%,"121,006","49,810",41.20%,"71,196",58.80%,"81,666","31,093",38.10%,"50,573",61.90%,"287,903","110,013",38.20%,"177,890",61.80%,"98,762","40,873",41.40%,"57,889",58.60%,"39,460","17,140",43.40%,"22,320",56.60%,,,,,,,
Sales and related occupations,"78,080","40,473",51.80%,"37,607",48.20%,"43,765","23,281",53.20%,"20,484",46.80%,"62,827","32,989",52.50%,"29,838",47.50%,"38,063","19,514",51.30%,"18,549",48.70%,"131,235","65,903",50.20%,"65,332",49.80%,"46,443","24,468",52.70%,"21,975",47.30%,"20,448","10,856",53.10%,"9,592",46.90%,,,,,,,
Office and administrative support occupations,"86,226","26,285",30.50%,"59,941",69.50%,"48,182","14,448",30.00%,"33,734",70.00%,"58,179","16,821",28.90%,"41,358",71.10%,"43,603","11,579",26.60%,"32,024",73.40%,"156,668","44,110",28.20%,"112,558",71.80%,"52,319","16,405",31.40%,"35,914",68.60%,"19,012","6,284",33.10%,"12,728",66.90%,,,,,,,
"Natural resources, construction, and maintenance occupations:","57,949","55,081",95.10%,"2,868",4.90%,"31,763","30,460",95.90%,"1,303",4.10%,"31,914","30,418",95.30%,"1,496",4.70%,"25,310","23,884",94.40%,"1,426",5.60%,"151,245","146,304",96.70%,"4,941",3.30%,"31,547","30,499",96.70%,"1,048",3.30%,"9,337","9,034",96.80%,303,3.20%,,,,,,,
"Farming, fishing, and forestry occupations","3,479","2,238",64.30%,"1,241",35.70%,492,232,47.20%,260,52.80%,732,509,69.50%,223,30.50%,454,306,67.40%,148,32.60%,"1,223",825,67.50%,398,32.50%,251,211,84.10%,40,15.90%,551,524,95.10%,27,4.90%,,,,,,,
Construction and extraction occupations,"36,553","35,739",97.80%,814,2.20%,"21,192","20,543",96.90%,649,3.10%,"20,091","19,332",96.20%,759,3.80%,"17,560","16,812",95.70%,748,4.30%,"110,347","107,795",97.70%,"2,552",2.30%,"22,147","21,361",96.50%,786,3.50%,"5,834","5,705",97.80%,129,2.20%,,,,,,,
"Installation, maintenance, and repair occupations","17,917","17,104",95.50%,813,4.50%,"10,079","9,685",96.10%,394,3.90%,"11,091","10,577",95.40%,514,4.60%,"7,296","6,766",92.70%,530,7.30%,"39,675","37,684",95.00%,"1,991",5.00%,"9,149","8,927",97.60%,222,2.40%,"2,952","2,805",95.00%,147,5.00%,,,,,,,
"Production, transportation, and material moving occupations:","79,963","57,155",71.50%,"22,808",28.50%,"32,280","25,524",79.10%,"6,756",20.90%,"43,326","32,872",75.90%,"10,454",24.10%,"45,967","33,306",72.50%,"12,661",27.50%,"177,197","128,475",72.50%,"48,722",27.50%,"32,736","25,690",78.50%,"7,046",21.50%,"11,218","8,619",76.80%,"2,599",23.20%,,,,,,,
Production occupations,"40,150","25,670",63.90%,"14,480",36.10%,"9,919","6,846",69.00%,"3,073",31.00%,"16,535","11,456",69.30%,"5,079",30.70%,"17,259","11,097",64.30%,"6,162",35.70%,"66,973","43,172",64.50%,"23,801",35.50%,"9,023","5,779",64.00%,"3,244",36.00%,"3,336","2,299",68.90%,"1,037",31.10%,,,,,,,
Transportation occupations,"20,789","17,780",85.50%,"3,009",14.50%,"14,073","12,486",88.70%,"1,587",11.30%,"15,260","12,463",81.70%,"2,797",18.30%,"14,045","11,596",82.60%,"2,449",17.40%,"51,643","44,232",85.60%,"7,411",14.40%,"15,083","13,344",88.50%,"1,739",11.50%,"5,274","4,392",83.30%,882,16.70%,,,,,,,
Civilian employed population 16 years and over,"1,011,709","558,143",55.20%,"453,566",44.80%,"567,498","287,248",50.60%,"280,250",49.40%,"646,091","337,351",52.20%,"308,740",47.80%,"409,433","209,153",51.10%,"200,280",48.90%,"1,348,084","725,866",53.80%,"622,218",46.20%,"614,947","325,968",53.00%,"288,979",47.00%,"236,508","129,252",54.70%,"107,256",45.30%,,,,,,,
"Management, business, science, and arts occupations:","597,771","337,063",56.40%,"260,708",43.60%,"341,339","167,242",49.00%,"174,097",51.00%,"382,817","198,278",51.80%,"184,539",48.20%,"214,372","99,912",46.60%,"114,460",53.40%,"545,454","266,443",48.80%,"279,011",51.20%,"386,226","201,781",52.20%,"184,445",47.80%,"153,579","85,270",55.50%,"68,309",44.50%,,,,,,,
"Management, business, and financial occupations:","206,613","111,655",54.00%,"94,958",46.00%,"132,768","66,251",49.90%,"66,517",50.10%,"163,480","87,161",53.30%,"76,319",46.70%,"94,500","47,051",49.80%,"47,449",50.20%,"245,578","127,510",51.90%,"118,068",48.10%,"164,849","84,001",51.00%,"80,848",49.00%,"69,603","39,466",56.70%,"30,137",43.30%,,,,,,,
Management occupations,"141,992","84,040",59.20%,"57,952",40.80%,"79,547","40,306",50.70%,"39,241",49.30%,"106,445","62,508",58.70%,"43,937",41.30%,"59,885","31,856",53.20%,"28,029",46.80%,"140,029","79,062",56.50%,"60,967",43.50%,"97,233","52,487",54.00%,"44,746",46.00%,"46,185","28,068",60.80%,"18,117",39.20%,,,,,,,
Business and financial operations occupations,"64,621","27,615",42.70%,"37,006",57.30%,"53,221","25,945",48.70%,"27,276",51.30%,"57,035","24,653",43.20%,"32,382",56.80%,"34,615","15,195",43.90%,"19,420",56.10%,"105,549","48,448",45.90%,"57,101",54.10%,"67,616","31,514",46.60%,"36,102",53.40%,"23,418","11,398",48.70%,"12,020",51.30%,,,,,,,
"Computer, engineering, and science occupations:","246,259","176,586",71.70%,"69,673",28.30%,"89,450","57,308",64.10%,"32,142",35.90%,"104,955","74,944",71.40%,"30,011",28.60%,"30,229","21,308",70.50%,"8,921",29.50%,"95,923","73,534",76.70%,"22,389",23.30%,"105,473","77,090",73.10%,"28,383",26.90%,"47,836","34,912",73.00%,"12,924",27.00%,,,,,,,
Computer and mathematical occupations,"144,198","102,663",71.20%,"41,535",28.80%,"45,981","31,434",68.40%,"14,547",31.60%,"57,141","42,707",74.70%,"14,434",25.30%,"18,804","13,578",72.20%,"5,226",27.80%,"61,944","48,659",78.60%,"13,285",21.40%,"73,478","54,960",74.80%,"18,518",25.20%,"38,056","27,659",72.70%,"10,397",27.30%,,,,,,,
Architecture and engineering occupations,"80,862","63,236",78.20%,"17,626",21.80%,"13,166","10,183",77.30%,"2,983",22.70%,"27,760","21,917",79.00%,"5,843",21.00%,"6,443","5,176",80.30%,"1,267",19.70%,"23,923","19,695",82.30%,"4,228",17.70%,"21,413","16,611",77.60%,"4,802",22.40%,"7,638","6,005",78.60%,"1,633",21.40%,,,,,,,
"Life, physical, and social science occupations","21,199","10,687",50.40%,"10,512",49.60%,"30,303","15,691",51.80%,"14,612",48.20%,"20,054","10,320",51.50%,"9,734",48.50%,"4,982","2,554",51.30%,"2,428",48.70%,"10,056","5,180",51.50%,"4,876",48.50%,"10,582","5,519",52.20%,"5,063",47.80%,"2,142","1,248",58.30%,894,41.70%,,,,,,,
"Education, legal, community service, arts, and media occupations:","97,203","33,617",34.60%,"63,586",65.40%,"88,547","35,958",40.60%,"52,589",59.40%,"73,147","25,576",35.00%,"47,571",65.00%,"59,148","24,159",40.80%,"34,989",59.20%,"137,547","48,831",35.50%,"88,716",64.50%,"85,288","32,527",38.10%,"52,761",61.90%,"27,363","8,583",31.40%,"18,780",68.60%,,,,,,,
Community and social service occupations,"11,669","3,931",33.70%,"7,738",66.30%,"10,112","3,187",31.50%,"6,925",68.50%,"9,881","3,712",37.60%,"6,169",62.40%,"5,464","1,858",34.00%,"3,606",66.00%,"16,444","4,951",30.10%,"11,493",69.90%,"6,554","2,229",34.00%,"4,325",66.00%,"3,008","1,057",35.10%,"1,951",64.90%,,,,,,,
Legal occupations,"8,996","3,813",42.40%,"5,183",57.60%,"19,276","11,134",57.80%,"8,142",42.20%,"9,009","3,510",39.00%,"5,499",61.00%,"8,230","3,916",47.60%,"4,314",52.40%,"21,807","11,049",50.70%,"10,758",49.30%,"20,606","12,232",59.40%,"8,374",40.60%,"1,728",958,55.40%,770,44.60%,,,,,,,
"Educational instruction, and library occupations","54,545","16,000",29.30%,"38,545",70.70%,"39,379","11,219",28.50%,"28,160",71.50%,"36,832","10,727",29.10%,"26,105",70.90%,"25,483","6,998",27.50%,"18,485",72.50%,"73,393","19,100",26.00%,"54,293",74.00%,"34,772","8,796",25.30%,"25,976",74.70%,"17,567","4,853",27.60%,"12,714",72.40%,,,,,,,
"Arts, design, entertainment, sports, and media occupations","21,993","9,873",44.90%,"12,120",55.10%,"19,780","10,418",52.70%,"9,362",47.30%,"17,425","7,627",43.80%,"9,798",56.20%,"19,971","11,387",57.00%,"8,584",43.00%,"25,903","13,731",53.00%,"12,172",47.00%,"23,356","9,270",39.70%,"14,086",60.30%,"5,060","1,715",33.90%,"3,345",66.10%,,,,,,,
Healthcare practitioners and technical occupations:,"47,696","15,205",31.90%,"32,491",68.10%,"30,574","7,725",25.30%,"22,849",74.70%,"41,235","10,597",25.70%,"30,638",74.30%,"30,495","7,394",24.20%,"23,101",75.80%,"66,406","16,568",24.90%,"49,838",75.10%,"30,616","8,163",26.70%,"22,453",73.30%,"8,777","2,309",26.30%,"6,468",73.70%,,,,,,,
Health diagnosing and treating practitioners and other technical occupations,"34,408","10,319",30.00%,"24,089",70.00%,"24,519","5,891",24.00%,"18,628",76.00%,"30,024","7,939",26.40%,"22,085",73.60%,"24,240","6,906",28.50%,"17,334",71.50%,"46,064","11,538",25.00%,"34,526",75.00%,"23,693","6,223",26.30%,"17,470",73.70%,"5,732","1,250",21.80%,"4,482",78.20%,,,,,,,
Health technologists and technicians,"13,288","4,886",36.80%,"8,402",63.20%,"6,055","1,834",30.30%,"4,221",69.70%,"11,211","2,658",23.70%,"8,553",76.30%,"6,255",488,7.80%,"5,767",92.20%,"20,342","5,030",24.70%,"15,312",75.30%,"6,923","1,940",28.00%,"4,983",72.00%,"3,045","1,059",34.80%,"1,986",65.20%,,,,,,,
Service occupations:,"137,955","57,722",41.80%,"80,233",58.20%,"80,400","28,895",35.90%,"51,505",64.10%,"73,915","31,792",43.00%,"42,123",57.00%,"56,465","22,722",40.20%,"33,743",59.80%,"197,941","81,932",41.40%,"116,009",58.60%,"77,647","34,076",43.90%,"43,571",56.10%,"25,099","9,738",38.80%,"15,361",61.20%,,,,,,,
Healthcare support occupations,"34,653","8,638",24.90%,"26,015",75.10%,"13,359","2,370",17.70%,"10,989",82.30%,"11,918",996,8.40%,"10,922",91.60%,"8,951","1,419",15.90%,"7,532",84.10%,"32,581","5,523",17.00%,"27,058",83.00%,"10,392","1,691",16.30%,"8,701",83.70%,"3,747",847,22.60%,"2,900",77.40%,,,,,,,
Protective service occupations:,"12,765","10,411",81.60%,"2,354",18.40%,"8,545","5,857",68.50%,"2,688",31.50%,"8,608","6,443",74.80%,"2,165",25.20%,"4,442","2,956",66.50%,"1,486",33.50%,"22,573","13,899",61.60%,"8,674",38.40%,"12,065","8,769",72.70%,"3,296",27.30%,"5,741","4,279",74.50%,"1,462",25.50%,,,,,,,
"Firefighting and prevention, and other protective service workers including supervisors","9,380","7,678",81.90%,"1,702",18.10%,"5,924","4,177",70.50%,"1,747",29.50%,"4,153","2,749",66.20%,"1,404",33.80%,"3,081","1,804",58.60%,"1,277",41.40%,"15,068","9,265",61.50%,"5,803",38.50%,"7,642","5,442",71.20%,"2,200",28.80%,"2,863","1,859",64.90%,"1,004",35.10%,,,,,,,
Law enforcement workers including supervisors,"3,385","2,733",80.70%,652,19.30%,"2,621","1,680",64.10%,941,35.90%,"4,455","3,694",82.90%,761,17.10%,"1,361","1,152",84.60%,209,15.40%,"7,505","4,634",61.70%,"2,871",38.30%,"4,423","3,327",75.20%,"1,096",24.80%,"2,878","2,420",84.10%,458,15.90%,,,,,,,
Food preparation and serving related occupations,"43,299","21,002",48.50%,"22,297",51.50%,"21,840","7,978",36.50%,"13,862",63.50%,"24,096","9,532",39.60%,"14,564",60.40%,"23,084","10,603",45.90%,"12,481",54.10%,"67,476","31,833",47.20%,"35,643",52.80%,"25,765","13,755",53.40%,"12,010",46.60%,"5,263","2,274",43.20%,"2,989",56.80%,,,,,,,
Building and grounds cleaning and maintenance occupations,"22,237","11,330",51.00%,"10,907",49.00%,"19,493","7,907",40.60%,"11,586",59.40%,"16,082","11,484",71.40%,"4,598",28.60%,"8,877","4,479",50.50%,"4,398",49.50%,"47,561","23,085",48.50%,"24,476",51.50%,"13,672","6,315",46.20%,"7,357",53.80%,"5,680","1,734",30.50%,"3,946",69.50%,,,,,,,
Personal care and service occupations,"25,001","6,341",25.40%,"18,660",74.60%,"17,163","4,783",27.90%,"12,380",72.10%,"13,211","3,337",25.30%,"9,874",74.70%,"11,111","3,265",29.40%,"7,846",70.60%,"27,750","7,592",27.40%,"20,158",72.60%,"15,753","3,546",22.50%,"12,207",77.50%,"4,668",604,12.90%,"4,064",87.10%,,,,,,,
Sales and office occupations:,"144,739","56,656",39.10%,"88,083",60.90%,"78,791","32,539",41.30%,"46,252",58.70%,"113,520","47,876",42.20%,"65,644",57.80%,"67,601","28,938",42.80%,"38,663",57.20%,"266,679","99,835",37.40%,"166,844",62.60%,"88,548","37,508",42.40%,"51,040",57.60%,"33,534","14,245",42.50%,"19,289",57.50%,,,,,,,
Sales and related occupations,"65,929","33,936",51.50%,"31,993",48.50%,"37,031","19,237",51.90%,"17,794",48.10%,"60,868","33,297",54.70%,"27,571",45.30%,"32,988","17,894",54.20%,"15,094",45.80%,"120,809","57,769",47.80%,"63,040",52.20%,"44,369","22,511",50.70%,"21,858",49.30%,"17,085","10,565",61.80%,"6,520",38.20%,,,,,,,
Office and administrative support occupations,"78,810","22,720",28.80%,"56,090",71.20%,"41,760","13,302",31.90%,"28,458",68.10%,"52,652","14,579",27.70%,"38,073",72.30%,"34,613","11,044",31.90%,"23,569",68.10%,"145,870","42,066",28.80%,"103,804",71.20%,"44,179","14,997",33.90%,"29,182",66.10%,"16,449","3,680",22.40%,"12,769",77.60%,,,,,,,
"Natural resources, construction, and maintenance occupations:","53,674","51,131",95.30%,"2,543",4.70%,"35,768","34,191",95.60%,"1,577",4.40%,"31,263","29,064",93.00%,"2,199",7.00%,"26,848","24,444",91.00%,"2,404",9.00%,"145,353","136,625",94.00%,"8,728",6.00%,"27,874","26,690",95.80%,"1,184",4.20%,"10,700","10,217",95.50%,483,4.50%,,,,,,,
"Farming, fishing, and forestry occupations","2,765","1,493",54.00%,"1,272",46.00%,429,274,63.90%,155,36.10%,876,508,58.00%,368,42.00%,46,0,0.00%,46,100.00%,"2,812","1,338",47.60%,"1,474",52.40%,445,395,88.80%,50,11.20%,445,386,86.70%,59,13.30%,,,,,,,
Construction and extraction occupations,"34,710","34,094",98.20%,616,1.80%,"22,718","22,020",96.90%,698,3.10%,"20,715","19,831",95.70%,884,4.30%,"18,864","17,267",91.50%,"1,597",8.50%,"105,623","100,848",95.50%,"4,775",4.50%,"19,343","18,564",96.00%,779,4.00%,"6,661","6,434",96.60%,227,3.40%,,,,,,,
"Installation, maintenance, and repair occupations","16,199","15,544",96.00%,655,4.00%,"12,621","11,897",94.30%,724,5.70%,"9,672","8,725",90.20%,947,9.80%,"7,938","7,177",90.40%,761,9.60%,"36,918","34,439",93.30%,"2,479",6.70%,"8,086","7,731",95.60%,355,4.40%,"3,594","3,397",94.50%,197,5.50%,,,,,,,
"Production, transportation, and material moving occupations:","77,570","55,571",71.60%,"21,999",28.40%,"31,200","24,381",78.10%,"6,819",21.90%,"44,576","30,341",68.10%,"14,235",31.90%,"44,147","33,137",75.10%,"11,010",24.90%,"192,657","141,031",73.20%,"51,626",26.80%,"34,652","25,913",74.80%,"8,739",25.20%,"13,596","9,782",71.90%,"3,814",28.10%,,,,,,,
Production occupations,"37,686","25,242",67.00%,"12,444",33.00%,"9,062","6,384",70.40%,"2,678",29.60%,"17,865","10,928",61.20%,"6,937",38.80%,"15,587","10,922",70.10%,"4,665",29.90%,"68,012","47,518",69.90%,"20,494",30.10%,"8,901","5,686",63.90%,"3,215",36.10%,"3,676","1,992",54.20%,"1,684",45.80%,,,,,,,
Transportation occupations,"19,794","16,426",83.00%,"3,368",17.00%,"13,145","11,309",86.00%,"1,836",14.00%,"13,152","9,425",71.70%,"3,727",28.30%,"14,763","12,701",86.00%,"2,062",14.00%,"53,268","45,656",85.70%,"7,612",14.30%,"17,690","14,390",81.30%,"3,300",18.70%,"5,947","4,535",76.30%,"1,412",23.70%,,,,,,,
Material moving occupations,"20,090","13,903",69.20%,"6,187",30.80%,"8,993","6,688",74.40%,"2,305",25.60%,"13,559","9,988",73.70%,"3,571",26.30%,"13,797","9,514",69.00%,"4,283",31.00%,"71,377","47,857",67.00%,"23,520",33.00%,"8,061","5,837",72.40%,"2,224",27.60%,"3,973","3,255",81.90%,718,18.1%,,,,,,,
